2026-06-11T15:17:37Z REFUSED no_turbo=0 gov_cpu3=schedutil cpu7_online=1 freq_cpu3_khz=4099900 reason=no_turbo!=1 (turbo enabled or intel_pstate missing) argv=[no_turbo!=1 (turbo enabled or intel_pstate missing)]
2026-06-11T15:17:37Z REFUSED no_turbo=0 gov_cpu3=schedutil cpu7_online=1 freq_cpu3_khz=4099844 reason=no_turbo!=1 (turbo enabled or intel_pstate missing) argv=[no_turbo!=1 (turbo enabled or intel_pstate missing)]
2026-06-11T15:18:09Z REFUSED no_turbo=0 gov_cpu3=schedutil cpu7_online=1 freq_cpu3_khz=4100040 reason=no_turbo!=1 (turbo enabled or intel_pstate missing) argv=[localhost/motifbo-env:phase0 true]
2026-06-11T15:25:45Z VERIFY-ONLY PASS no_turbo=1 gov_cpu3=performance cpu7_online=0 freq_cpu3_khz=3600086
2026-06-11T15:25:45Z RUN-START PASS no_turbo=1 gov_cpu3=performance cpu7_online=0 freq_cpu3_khz=3599963 argv=[localhost/motifbo-env:phase0 sh -c echo in-container on $(cat /sys/fs/cgroup/cpuset.cpus.effective 2>/dev/null || echo unknown)]
2026-06-11T15:25:45Z RUN-END rc=0 no_turbo=1 gov_cpu3=performance cpu7_online=0 freq_cpu3_khz=3599963
2026-06-11T20:53:16Z RUN-START PASS no_turbo=1 gov_cpu3=performance cpu7_online=0 freq_cpu3_khz=3600028 argv=[-v ./src:/src:ro,Z -e PYTHONPATH=/src -e PYTHONDONTWRITEBYTECODE=1 localhost/motifbo-env:phase0 python -c 
import json
from motifbo.timing.runtime_ns import measure
from motifbo.timing.divergence import build_divergence_report
res = measure(module_path='/src/tests/fixtures/busy_kernel.py', kernel='kernel',
              setup_code='args = (0.200,)', reps=10, warmup=3, cycles=True)
rep = build_divergence_report(res['samples_ns'], res['cycles'], expected_ghz=3.6)
print(json.dumps({k: rep[k] for k in ('schema','expected_ghz','median_eff_ghz','rel_dev','divergent','n_reps')}, indent=1))
]
2026-06-11T20:53:16Z CYCLES-SUBSAMPLE run (perf seccomp profile active)
2026-06-11T20:53:19Z RUN-END rc=0 no_turbo=1 gov_cpu3=performance cpu7_online=0 freq_cpu3_khz=3600028
2026-06-11T21:05:24Z VERIFY-ONLY PASS no_turbo=1 gov_cpu3=performance cpu7_online=0 freq_cpu3_khz=3601377
2026-06-11T21:05:25Z RUN-START PASS no_turbo=1 gov_cpu3=performance cpu7_online=0 freq_cpu3_khz=3600090 argv=[-v ./src:/src:ro,Z -v ./scripts:/probe:ro,Z -v ./sandbox/refkernels:/build:ro,Z -v ./results/pilot/raw:/out:Z -e PYTHONPATH=/src -e PYTHONDONTWRITEBYTECODE=1 -e MOTIFBO_IMAGE_ID=f9328a8a92f8 -e MOTIFBO_GIT_REV=1621856 localhost/motifbo-env:phase0 python /probe/pilot_measure.py csr_scale /out/csr_scale_K30.json]
2026-06-11T21:05:25Z CYCLES-SUBSAMPLE run (perf seccomp profile active)
2026-06-11T21:05:30Z RUN-END rc=0 no_turbo=1 gov_cpu3=performance cpu7_online=0 freq_cpu3_khz=3600090
2026-06-11T21:05:30Z RUN-START PASS no_turbo=1 gov_cpu3=performance cpu7_online=0 freq_cpu3_khz=3599986 argv=[-v ./src:/src:ro,Z -v ./scripts:/probe:ro,Z -v ./sandbox/refkernels:/build:ro,Z -v ./results/pilot/raw:/out:Z -e PYTHONPATH=/src -e PYTHONDONTWRITEBYTECODE=1 -e MOTIFBO_IMAGE_ID=f9328a8a92f8 -e MOTIFBO_GIT_REV=1621856 localhost/motifbo-env:phase0 python /probe/pilot_measure.py pava /out/pava_K30.json]
2026-06-11T21:05:30Z CYCLES-SUBSAMPLE run (perf seccomp profile active)
2026-06-11T21:05:34Z RUN-END rc=0 no_turbo=1 gov_cpu3=performance cpu7_online=0 freq_cpu3_khz=3599986
2026-06-11T21:37:06Z VERIFY-ONLY PASS no_turbo=1 gov_cpu3=performance cpu7_online=0 freq_cpu3_khz=3600000
2026-06-11T21:37:34Z VERIFY-ONLY PASS no_turbo=1 gov_cpu3=performance cpu7_online=0 freq_cpu3_khz=3600000
2026-06-12T03:18:52Z VERIFY-ONLY PASS no_turbo=1 gov_cpu3=performance cpu7_online=0 isolated=3,7 freq_cpu3_khz=3600000
2026-06-12T03:26:27Z VERIFY-ONLY PASS no_turbo=1 gov_cpu3=performance cpu7_online=0 isolated=3,7 freq_cpu3_khz=3600000
2026-06-12T03:31:41Z VERIFY-ONLY PASS no_turbo=1 gov_cpu3=performance cpu7_online=0 isolated=3,7 freq_cpu3_khz=3600000
2026-06-12T03:40:57Z VERIFY-ONLY PASS no_turbo=1 gov_cpu3=performance cpu7_online=1 isolated=3,7 freq_cpu3_khz=3600000
2026-06-12T03:41:27Z VERIFY-ONLY PASS no_turbo=1 gov_cpu3=performance cpu7_online=1 isolated=3,7 freq_cpu3_khz=3600000
2026-06-12T03:41:28Z RUN-START PASS no_turbo=1 gov_cpu3=performance cpu7_online=1 isolated=3,7 freq_cpu3_khz=3600000 argv=[-v ./src:/src:ro,Z -v ./scripts:/probe:ro,Z -v ./sandbox/refkernels:/build:ro,Z -v ./results/pilot/raw2:/out:Z -e PYTHONPATH=/src -e PYTHONDONTWRITEBYTECODE=1 -e MOTIFBO_IMAGE_ID=f9328a8a92f8 -e MOTIFBO_GIT_REV=3bf9088 localhost/motifbo-env:phase0 python /probe/pilot_measure.py csr_scale /out/csr_scale_K30.json]
2026-06-12T03:41:28Z CYCLES-SUBSAMPLE run (perf seccomp profile active)
2026-06-12T03:41:33Z RUN-END rc=0 no_turbo=1 gov_cpu3=performance cpu7_online=1 isolated=3,7 freq_cpu3_khz=3600000
2026-06-12T03:41:33Z RUN-START PASS no_turbo=1 gov_cpu3=performance cpu7_online=1 isolated=3,7 freq_cpu3_khz=3600000 argv=[-v ./src:/src:ro,Z -v ./scripts:/probe:ro,Z -v ./sandbox/refkernels:/build:ro,Z -v ./results/pilot/raw2:/out:Z -e PYTHONPATH=/src -e PYTHONDONTWRITEBYTECODE=1 -e MOTIFBO_IMAGE_ID=f9328a8a92f8 -e MOTIFBO_GIT_REV=3bf9088 localhost/motifbo-env:phase0 python /probe/pilot_measure.py pava /out/pava_K30.json]
2026-06-12T03:41:33Z CYCLES-SUBSAMPLE run (perf seccomp profile active)
2026-06-12T03:41:36Z RUN-END rc=0 no_turbo=1 gov_cpu3=performance cpu7_online=1 isolated=3,7 freq_cpu3_khz=3600000
2026-06-12T23:26:23Z VERIFY-ONLY PASS no_turbo=1 gov_cpu3=performance cpu7_online=1 isolated=3,7 freq_cpu3_khz=3600000
2026-06-14T03:39:20Z VERIFY-ONLY PASS no_turbo=1 gov_cpu3=performance cpu7_online=1 isolated=3,7 freq_cpu3_khz=3600000
2026-06-14T03:40:10Z RUN-START PASS no_turbo=1 gov_cpu3=performance cpu7_online=1 isolated=3,7 freq_cpu3_khz=3600000 argv=[-v ./src:/src:ro,Z -v ./scripts:/scripts:ro,Z -v ./results:/results:Z -e PYTHONPATH=/src -e MOTIFBO_IMAGE_ID=3bbe69a1d8f8 -e MOTIFBO_GIT_REV=5448f94 localhost/motifbo-env:phase0 python /scripts/run_d2_scaling.py]
2026-06-14T03:40:23Z RUN-END rc=0 no_turbo=1 gov_cpu3=performance cpu7_online=1 isolated=3,7 freq_cpu3_khz=3600000
2026-06-14T03:42:09Z RUN-START PASS no_turbo=1 gov_cpu3=performance cpu7_online=1 isolated=3,7 freq_cpu3_khz=3600000 argv=[-v ./src:/src:ro,Z -v ./scripts:/scripts:ro,Z -v ./results:/results:Z -e PYTHONPATH=/src -e MOTIFBO_IMAGE_ID=3bbe69a1d8f8 -e MOTIFBO_GIT_REV=5448f94 localhost/motifbo-env:phase0 python /scripts/run_d2_scaling.py]
2026-06-14T03:42:32Z RUN-END rc=0 no_turbo=1 gov_cpu3=performance cpu7_online=1 isolated=3,7 freq_cpu3_khz=3600000
2026-06-14T03:45:54Z RUN-START PASS no_turbo=1 gov_cpu3=performance cpu7_online=1 isolated=3,7 freq_cpu3_khz=3600000 argv=[-v ./src:/src:ro,Z -v ./scripts:/scripts:ro,Z -v ./results:/results:Z -e PYTHONPATH=/src -e MOTIFBO_IMAGE_ID=3bbe69a1d8f8 -e MOTIFBO_GIT_REV=5448f94 localhost/motifbo-env:phase0 python /scripts/run_d2_scaling.py]
2026-06-14T03:46:06Z RUN-END rc=0 no_turbo=1 gov_cpu3=performance cpu7_online=1 isolated=3,7 freq_cpu3_khz=3600000
2026-06-14T03:53:35Z VERIFY-ONLY PASS no_turbo=1 gov_cpu3=performance cpu7_online=1 isolated=3,7 freq_cpu3_khz=3600000
2026-06-14T03:56:35Z VERIFY-ONLY PASS no_turbo=1 gov_cpu3=performance cpu7_online=1 isolated=3,7 freq_cpu3_khz=3600000
2026-06-14T03:56:51Z RUN-START PASS no_turbo=1 gov_cpu3=performance cpu7_online=1 isolated=3,7 freq_cpu3_khz=3600000 argv=[-v ./src:/src:ro,Z -v ./scripts:/probe:ro,Z -v ./sandbox/i1:/build:ro,Z -v ./results/calibration/i1/raw:/out:Z -e PYTHONPATH=/src -e PYTHONDONTWRITEBYTECODE=1 -e MOTIFBO_IMAGE_ID=3bbe69a1d8f8 -e MOTIFBO_GIT_REV=204ff84 localhost/motifbo-env:phase0 python /probe/i1_measure.py csr_scale good /out/csr_scale_good_K30.json]
2026-06-14T03:56:51Z CYCLES-SUBSAMPLE run (perf seccomp profile active)
2026-06-14T03:56:55Z RUN-END rc=0 no_turbo=1 gov_cpu3=performance cpu7_online=1 isolated=3,7 freq_cpu3_khz=3600000
2026-06-14T03:56:55Z RUN-START PASS no_turbo=1 gov_cpu3=performance cpu7_online=1 isolated=3,7 freq_cpu3_khz=3600000 argv=[-v ./src:/src:ro,Z -v ./scripts:/probe:ro,Z -v ./sandbox/i1:/build:ro,Z -v ./results/calibration/i1/raw:/out:Z -e PYTHONPATH=/src -e PYTHONDONTWRITEBYTECODE=1 -e MOTIFBO_IMAGE_ID=3bbe69a1d8f8 -e MOTIFBO_GIT_REV=204ff84 localhost/motifbo-env:phase0 python /probe/i1_measure.py csr_scale bad /out/csr_scale_bad_K30.json]
2026-06-14T03:56:55Z CYCLES-SUBSAMPLE run (perf seccomp profile active)
2026-06-14T03:57:02Z RUN-END rc=0 no_turbo=1 gov_cpu3=performance cpu7_online=1 isolated=3,7 freq_cpu3_khz=3600000
2026-06-14T03:57:02Z RUN-START PASS no_turbo=1 gov_cpu3=performance cpu7_online=1 isolated=3,7 freq_cpu3_khz=3600000 argv=[-v ./src:/src:ro,Z -v ./scripts:/probe:ro,Z -v ./sandbox/i1:/build:ro,Z -v ./results/calibration/i1/raw:/out:Z -e PYTHONPATH=/src -e PYTHONDONTWRITEBYTECODE=1 -e MOTIFBO_IMAGE_ID=3bbe69a1d8f8 -e MOTIFBO_GIT_REV=204ff84 localhost/motifbo-env:phase0 python /probe/i1_measure.py pava good /out/pava_good_K30.json]
2026-06-14T03:57:02Z CYCLES-SUBSAMPLE run (perf seccomp profile active)
2026-06-14T03:57:05Z RUN-END rc=0 no_turbo=1 gov_cpu3=performance cpu7_online=1 isolated=3,7 freq_cpu3_khz=3600000
2026-06-14T03:57:05Z RUN-START PASS no_turbo=1 gov_cpu3=performance cpu7_online=1 isolated=3,7 freq_cpu3_khz=3600000 argv=[-v ./src:/src:ro,Z -v ./scripts:/probe:ro,Z -v ./sandbox/i1:/build:ro,Z -v ./results/calibration/i1/raw:/out:Z -e PYTHONPATH=/src -e PYTHONDONTWRITEBYTECODE=1 -e MOTIFBO_IMAGE_ID=3bbe69a1d8f8 -e MOTIFBO_GIT_REV=204ff84 localhost/motifbo-env:phase0 python /probe/i1_measure.py pava bad /out/pava_bad_K30.json]
2026-06-14T03:57:05Z CYCLES-SUBSAMPLE run (perf seccomp profile active)
2026-06-14T03:57:09Z RUN-END rc=0 no_turbo=1 gov_cpu3=performance cpu7_online=1 isolated=3,7 freq_cpu3_khz=3600000
2026-06-14T12:10:40Z RUN-START PASS no_turbo=1 gov_cpu3=performance cpu7_online=1 isolated=3,7 freq_cpu3_khz=3600000 argv=[-v ./src:/src:ro,Z -v ./scripts:/probe:ro,Z -v ./results:/results:Z -e PYTHONPATH=/src -e MOTIFBO_IMAGE_ID=3bbe69a1d8f8 -e MOTIFBO_GIT_REV=1e12645 localhost/motifbo-env:phase0 python /probe/i1_diag.py]
2026-06-14T12:11:01Z RUN-END rc=0 no_turbo=1 gov_cpu3=performance cpu7_online=1 isolated=3,7 freq_cpu3_khz=3600000
2026-06-14T12:53:59Z VERIFY-ONLY PASS no_turbo=1 gov_cpu3=performance cpu7_online=1 isolated=3,7 freq_cpu3_khz=3600000
2026-06-14T12:53:59Z VERIFY-ONLY PASS no_turbo=1 gov_cpu3=performance cpu7_online=1 isolated=3,7 freq_cpu3_khz=3600000
2026-06-14T12:54:09Z RUN-START PASS no_turbo=1 gov_cpu3=performance cpu7_online=1 isolated=3,7 freq_cpu3_khz=3600000 argv=[-v ./src:/src:ro,Z -v ./scripts:/probe:ro,Z -v ./sandbox/i1:/build:ro,Z -v ./results/calibration/i1/raw:/out:Z -e PYTHONPATH=/src -e PYTHONDONTWRITEBYTECODE=1 -e MOTIFBO_IMAGE_ID=3bbe69a1d8f8 -e MOTIFBO_GIT_REV=4fbade1 localhost/motifbo-env:phase0 python /probe/i1_measure.py horner good /out/horner_good_K30.json]
2026-06-14T12:54:09Z CYCLES-SUBSAMPLE run (perf seccomp profile active)
2026-06-14T12:54:10Z RUN-END rc=0 no_turbo=1 gov_cpu3=performance cpu7_online=1 isolated=3,7 freq_cpu3_khz=3600000
2026-06-14T12:54:10Z RUN-START PASS no_turbo=1 gov_cpu3=performance cpu7_online=1 isolated=3,7 freq_cpu3_khz=3600000 argv=[-v ./src:/src:ro,Z -v ./scripts:/probe:ro,Z -v ./sandbox/i1:/build:ro,Z -v ./results/calibration/i1/raw:/out:Z -e PYTHONPATH=/src -e PYTHONDONTWRITEBYTECODE=1 -e MOTIFBO_IMAGE_ID=3bbe69a1d8f8 -e MOTIFBO_GIT_REV=4fbade1 localhost/motifbo-env:phase0 python /probe/i1_measure.py horner bad /out/horner_bad_K30.json]
2026-06-14T12:54:10Z CYCLES-SUBSAMPLE run (perf seccomp profile active)
2026-06-14T12:54:12Z RUN-END rc=0 no_turbo=1 gov_cpu3=performance cpu7_online=1 isolated=3,7 freq_cpu3_khz=3600000
2026-06-14T23:26:46Z VERIFY-ONLY PASS no_turbo=1 gov_cpu3=performance cpu7_online=1 isolated=3,7 freq_cpu3_khz=3600000
2026-06-14T23:38:53Z VERIFY-ONLY PASS no_turbo=1 gov_cpu3=performance cpu7_online=1 isolated=3,7 freq_cpu3_khz=3600000
2026-06-14T23:39:00Z RUN-START PASS no_turbo=1 gov_cpu3=performance cpu7_online=1 isolated=3,7 freq_cpu3_khz=3600000 argv=[-v ./src:/src:ro,Z -v ./scripts:/probe:ro,Z -v ./sandbox/i1:/build:ro,Z -v ./results/calibration/i1/raw:/out:Z -e PYTHONPATH=/src -e PYTHONDONTWRITEBYTECODE=1 -e MOTIFBO_IMAGE_ID=3bbe69a1d8f8 -e MOTIFBO_GIT_REV=dd14054 localhost/motifbo-env:phase0 python /probe/i1_measure.py horner good /out/horner_good_K30.json]
2026-06-14T23:39:00Z CYCLES-SUBSAMPLE run (perf seccomp profile active)
2026-06-14T23:39:04Z RUN-END rc=0 no_turbo=1 gov_cpu3=performance cpu7_online=1 isolated=3,7 freq_cpu3_khz=3600000
2026-06-14T23:39:04Z RUN-START PASS no_turbo=1 gov_cpu3=performance cpu7_online=1 isolated=3,7 freq_cpu3_khz=3600000 argv=[-v ./src:/src:ro,Z -v ./scripts:/probe:ro,Z -v ./sandbox/i1:/build:ro,Z -v ./results/calibration/i1/raw:/out:Z -e PYTHONPATH=/src -e PYTHONDONTWRITEBYTECODE=1 -e MOTIFBO_IMAGE_ID=3bbe69a1d8f8 -e MOTIFBO_GIT_REV=dd14054 localhost/motifbo-env:phase0 python /probe/i1_measure.py horner bad /out/horner_bad_K30.json]
2026-06-14T23:39:04Z CYCLES-SUBSAMPLE run (perf seccomp profile active)
2026-06-14T23:39:30Z RUN-END rc=0 no_turbo=1 gov_cpu3=performance cpu7_online=1 isolated=3,7 freq_cpu3_khz=3600000
2026-06-15T05:34:35Z VERIFY-ONLY PASS no_turbo=1 gov_cpu3=performance cpu7_online=1 isolated=3,7 freq_cpu3_khz=3600000
2026-06-15T05:34:43Z RUN-START PASS no_turbo=1 gov_cpu3=performance cpu7_online=1 isolated=3,7 freq_cpu3_khz=3600000 argv=[-v ./src:/src:ro,Z -v ./scripts:/probe:ro,Z -v ./sandbox/i1:/build:ro,Z -v ./results/calibration/i1/raw:/out:Z -e PYTHONPATH=/src -e PYTHONDONTWRITEBYTECODE=1 -e MOTIFBO_IMAGE_ID=3bbe69a1d8f8 -e MOTIFBO_GIT_REV=d9e5213 localhost/motifbo-env:phase0 python /probe/i1_measure.py horner good /out/horner_good_K30.json]
2026-06-15T05:34:43Z CYCLES-SUBSAMPLE run (perf seccomp profile active)
2026-06-15T05:34:47Z RUN-END rc=0 no_turbo=1 gov_cpu3=performance cpu7_online=1 isolated=3,7 freq_cpu3_khz=3600000
2026-06-15T05:34:47Z RUN-START PASS no_turbo=1 gov_cpu3=performance cpu7_online=1 isolated=3,7 freq_cpu3_khz=3600000 argv=[-v ./src:/src:ro,Z -v ./scripts:/probe:ro,Z -v ./sandbox/i1:/build:ro,Z -v ./results/calibration/i1/raw:/out:Z -e PYTHONPATH=/src -e PYTHONDONTWRITEBYTECODE=1 -e MOTIFBO_IMAGE_ID=3bbe69a1d8f8 -e MOTIFBO_GIT_REV=d9e5213 localhost/motifbo-env:phase0 python /probe/i1_measure.py horner bad /out/horner_bad_K30.json]
2026-06-15T05:34:47Z CYCLES-SUBSAMPLE run (perf seccomp profile active)
2026-06-15T05:35:13Z RUN-END rc=0 no_turbo=1 gov_cpu3=performance cpu7_online=1 isolated=3,7 freq_cpu3_khz=3600000
2026-06-23T06:49:14Z VERIFY-ONLY PASS no_turbo=1 gov_cpu3=performance cpu7_online=1 isolated=3,7 freq_cpu3_khz=3600000
2026-06-23T06:51:36Z RUN-START PASS no_turbo=1 gov_cpu3=performance cpu7_online=1 isolated=3,7 freq_cpu3_khz=3600000 argv=[-v ./src:/src:ro,Z -v ./scripts:/probe:ro,Z -v ./sandbox/refkernels:/build:ro,Z -v ./results/characterization/cf4:/out:Z -e PYTHONPATH=/src -e PYTHONDONTWRITEBYTECODE=1 -e OMP_NUM_THREADS=1 -e MOTIFBO_IMAGE_ID=d45e33b08bad -e MOTIFBO_GIT_REV=13dd8cb -e MOTIFBO_ASLR_OFF=0 localhost/motifbo-env:phase1 python /probe/corpus/cf4_probe.py small 12 /out/probe1_small_aslr_on.json]
2026-06-23T06:52:59Z RUN-END rc=0 no_turbo=1 gov_cpu3=performance cpu7_online=1 isolated=3,7 freq_cpu3_khz=3600000
2026-06-23T06:52:59Z RUN-START PASS no_turbo=1 gov_cpu3=performance cpu7_online=1 isolated=3,7 freq_cpu3_khz=3600000 argv=[-v ./src:/src:ro,Z -v ./scripts:/probe:ro,Z -v ./sandbox/refkernels:/build:ro,Z -v ./results/characterization/cf4:/out:Z -e PYTHONPATH=/src -e PYTHONDONTWRITEBYTECODE=1 -e OMP_NUM_THREADS=1 -e MOTIFBO_IMAGE_ID=d45e33b08bad -e MOTIFBO_GIT_REV=13dd8cb -e MOTIFBO_ASLR_OFF=0 localhost/motifbo-env:phase1 python /probe/corpus/cf4_probe.py large 12 /out/probe1_large_aslr_on.json]
2026-06-23T06:53:53Z RUN-END rc=0 no_turbo=1 gov_cpu3=performance cpu7_online=1 isolated=3,7 freq_cpu3_khz=3600000
2026-06-23T06:55:29Z RUN-START PASS no_turbo=1 gov_cpu3=performance cpu7_online=1 isolated=3,7 freq_cpu3_khz=3600000 argv=[-v ./src:/src:ro,Z -v ./scripts:/probe:ro,Z -v ./sandbox/refkernels:/build:ro,Z -v ./results/characterization/cf4:/out:Z -e PYTHONPATH=/src -e PYTHONDONTWRITEBYTECODE=1 -e OMP_NUM_THREADS=1 -e MOTIFBO_IMAGE_ID=d45e33b08bad -e MOTIFBO_GIT_REV=13dd8cb -e MOTIFBO_ASLR_OFF=0 localhost/motifbo-env:phase1 python /probe/corpus/cf4_probe.py huge 12 /out/probe1_huge_aslr_on.json]
2026-06-23T06:58:58Z RUN-END rc=0 no_turbo=1 gov_cpu3=performance cpu7_online=1 isolated=3,7 freq_cpu3_khz=3600000
2026-06-23T07:01:08Z RUN-START PASS no_turbo=1 gov_cpu3=performance cpu7_online=1 isolated=3,7 freq_cpu3_khz=3600000 argv=[-v ./src:/src:ro,Z -v ./scripts:/probe:ro,Z -v ./sandbox/refkernels:/build:ro,Z -v ./results/characterization/cf4:/out:Z -e PYTHONPATH=/src -e PYTHONDONTWRITEBYTECODE=1 -e OMP_NUM_THREADS=1 -e MOTIFBO_IMAGE_ID=d45e33b08bad -e MOTIFBO_GIT_REV=13dd8cb -e MOTIFBO_ASLR_OFF=0 localhost/motifbo-env:phase1 python /probe/corpus/cf4_probe.py pilot_csr 12 /out/probe2_pilot_csr_cf1.json]
2026-06-23T07:02:02Z RUN-END rc=0 no_turbo=1 gov_cpu3=performance cpu7_online=1 isolated=3,7 freq_cpu3_khz=3600000
2026-06-23T07:02:02Z RUN-START PASS no_turbo=1 gov_cpu3=performance cpu7_online=1 isolated=3,7 freq_cpu3_khz=3600000 argv=[-v ./src:/src:ro,Z -v ./scripts:/probe:ro,Z -v ./sandbox/refkernels:/build:ro,Z -v ./results/characterization/cf4:/out:Z -e PYTHONPATH=/src -e PYTHONDONTWRITEBYTECODE=1 -e OMP_NUM_THREADS=1 -e MOTIFBO_IMAGE_ID=d45e33b08bad -e MOTIFBO_GIT_REV=13dd8cb -e MOTIFBO_ASLR_OFF=0 localhost/motifbo-env:phase1 python /probe/corpus/cf4_probe.py pilot_pava 12 /out/probe2_pilot_pava_cf1.json]
2026-06-23T07:02:37Z RUN-END rc=0 no_turbo=1 gov_cpu3=performance cpu7_online=1 isolated=3,7 freq_cpu3_khz=3600000
2026-06-23T07:03:45Z RUN-START PASS no_turbo=1 gov_cpu3=performance cpu7_online=1 isolated=3,7 freq_cpu3_khz=3600000 argv=[-v ./src:/src:ro,Z -v ./scripts:/probe:ro,Z -v ./sandbox/refkernels:/build:ro,Z -v ./results/characterization/cf4:/out:Z -e PYTHONPATH=/src -e PYTHONDONTWRITEBYTECODE=1 -e OMP_NUM_THREADS=1 -e MOTIFBO_IMAGE_ID=d45e33b08bad -e MOTIFBO_GIT_REV=13dd8cb -e MOTIFBO_ASLR_OFF=1 localhost/motifbo-env:phase1 setarch -R python /probe/corpus/cf4_probe.py pilot_pava 12 /out/probe3_pava_aslr_off.json]
2026-06-23T07:03:45Z RUN-END rc=1 no_turbo=1 gov_cpu3=performance cpu7_online=1 isolated=3,7 freq_cpu3_khz=3600000
2026-06-23T07:03:45Z RUN-START PASS no_turbo=1 gov_cpu3=performance cpu7_online=1 isolated=3,7 freq_cpu3_khz=3600000 argv=[-v ./src:/src:ro,Z -v ./scripts:/probe:ro,Z -v ./sandbox/refkernels:/build:ro,Z -v ./results/characterization/cf4:/out:Z -e PYTHONPATH=/src -e PYTHONDONTWRITEBYTECODE=1 -e OMP_NUM_THREADS=1 -e MOTIFBO_IMAGE_ID=d45e33b08bad -e MOTIFBO_GIT_REV=13dd8cb -e MOTIFBO_ASLR_OFF=0 localhost/motifbo-env:phase1 python /probe/corpus/cf4_probe.py pilot_pava 12 /out/probe3_pava_aslr_on2.json]
2026-06-23T07:04:20Z RUN-END rc=0 no_turbo=1 gov_cpu3=performance cpu7_online=1 isolated=3,7 freq_cpu3_khz=3600000
2026-06-23T07:05:29Z RUN-START PASS no_turbo=1 gov_cpu3=performance cpu7_online=1 isolated=3,7 freq_cpu3_khz=3600000 argv=[-v ./src:/src:ro,Z -v ./scripts:/probe:ro,Z -v ./sandbox/refkernels:/build:ro,Z -v ./results/characterization/cf4:/out:Z -e PYTHONPATH=/src -e PYTHONDONTWRITEBYTECODE=1 -e OMP_NUM_THREADS=1 -e MOTIFBO_IMAGE_ID=d45e33b08bad -e MOTIFBO_GIT_REV=13dd8cb -e MOTIFBO_ASLR_OFF=0 localhost/motifbo-env:phase1 python /probe/corpus/cf4_probe.py pava_big 20 /out/probe4_pava_big_m20.json]
2026-06-23T07:11:38Z RUN-END rc=0 no_turbo=1 gov_cpu3=performance cpu7_online=1 isolated=3,7 freq_cpu3_khz=3600000
2026-06-23T07:30:44Z RUN-START PASS no_turbo=1 gov_cpu3=performance cpu7_online=1 isolated=3,7 freq_cpu3_khz=3600000 argv=[-v ./src:/src:ro,Z -v ./scripts:/probe:ro,Z -v ./sandbox/refkernels:/build:ro,Z -v ./results/characterization/cf4:/out:Z -e PYTHONPATH=/src -e PYTHONDONTWRITEBYTECODE=1 -e OMP_NUM_THREADS=1 -e MOTIFBO_IMAGE_ID=d45e33b08bad -e MOTIFBO_GIT_REV=37bd832 -e MOTIFBO_ASLR_OFF=0 localhost/motifbo-env:phase1 python /probe/corpus/cf4_probe.py pilot_pava 60 /out/probe5_pava_outlier_m60.json]
2026-06-23T07:33:32Z RUN-END rc=0 no_turbo=1 gov_cpu3=performance cpu7_online=1 isolated=3,7 freq_cpu3_khz=3600000
2026-06-23T07:36:05Z VERIFY-ONLY PASS no_turbo=1 gov_cpu3=performance cpu7_online=1 isolated=3,7 freq_cpu3_khz=3600000 thp=madvise
2026-06-24T02:51:41Z VERIFY-ONLY PASS no_turbo=1 gov_cpu3=performance cpu7_online=1 isolated=3,7 freq_cpu3_khz=3600000 thp=madvise
2026-06-26T04:08:34Z VERIFY-ONLY PASS no_turbo=1 gov_cpu3=performance cpu7_online=1 isolated=3,7 freq_cpu3_khz=3600000 thp=madvise
2026-06-26T04:14:41Z RUN-START PASS no_turbo=1 gov_cpu3=performance cpu7_online=1 isolated=3,7 freq_cpu3_khz=3600000 thp=madvise argv=[-v ./src:/src:ro,Z -v ./scripts:/probe:ro,Z -v ./sandbox/corpus_so:/so:ro,Z -e PYTHONPATH=/src -e PYTHONDONTWRITEBYTECODE=1 localhost/motifbo-env:phase1 bash -c for nrows in 100000 200000 300000; do python /probe/corpus/gate_runner.py scale-probe csr_mean_variance_axis0 /so/sparsefuncs_fast_golden.so n_samples=$nrows,n_features=200,density=0.05 7; done]
2026-06-26T04:14:49Z RUN-END rc=0 no_turbo=1 gov_cpu3=performance cpu7_online=1 isolated=3,7 freq_cpu3_khz=3600000 thp=madvise
2026-06-26T04:15:59Z RUN-START PASS no_turbo=1 gov_cpu3=performance cpu7_online=1 isolated=3,7 freq_cpu3_khz=3600000 thp=madvise argv=[-v ./src:/src:ro,Z -v ./scripts:/probe:ro,Z -v ./sandbox/corpus_so:/so:ro,Z -e PYTHONPATH=/src -e PYTHONDONTWRITEBYTECODE=1 localhost/motifbo-env:phase1 bash -c python /probe/corpus/gate_runner.py scale-probe csr_mean_variance_axis0 /so/sparsefuncs_fast_golden.so n_samples=8500000,n_features=200,density=0.05 7]
2026-06-26T04:16:05Z RUN-END rc=137 no_turbo=1 gov_cpu3=performance cpu7_online=1 isolated=3,7 freq_cpu3_khz=3600000 thp=madvise
2026-06-26T04:16:15Z RUN-START PASS no_turbo=1 gov_cpu3=performance cpu7_online=1 isolated=3,7 freq_cpu3_khz=3600000 thp=madvise argv=[-v ./src:/src:ro,Z -v ./scripts:/probe:ro,Z -v ./sandbox/corpus_so:/so:ro,Z -e PYTHONPATH=/src -e PYTHONDONTWRITEBYTECODE=1 localhost/motifbo-env:phase1 bash -c python /probe/corpus/gate_runner.py scale-probe csr_mean_variance_axis0 /so/sparsefuncs_fast_golden.so n_samples=8500000,n_features=200,density=0.05 7]
2026-06-26T04:16:20Z RUN-END rc=137 no_turbo=1 gov_cpu3=performance cpu7_online=1 isolated=3,7 freq_cpu3_khz=3600000 thp=madvise
2026-06-26T04:16:36Z RUN-START PASS no_turbo=1 gov_cpu3=performance cpu7_online=1 isolated=3,7 freq_cpu3_khz=3600000 thp=madvise argv=[-v ./src:/src:ro,Z -v ./scripts:/probe:ro,Z -v ./sandbox/corpus_so:/so:ro,Z -e PYTHONPATH=/src -e PYTHONDONTWRITEBYTECODE=1 localhost/motifbo-env:phase1 bash -c python /probe/corpus/gate_runner.py scale-probe csr_mean_variance_axis0 /so/sparsefuncs_fast_golden.so n_samples=8500000,n_features=200,density=0.05 7]
2026-06-26T04:16:41Z RUN-END rc=137 no_turbo=1 gov_cpu3=performance cpu7_online=1 isolated=3,7 freq_cpu3_khz=3600000 thp=madvise
2026-06-26T04:21:50Z RUN-START PASS no_turbo=1 gov_cpu3=performance cpu7_online=1 isolated=3,7 freq_cpu3_khz=3600000 thp=madvise argv=[-v ./src:/src:ro,Z -v ./scripts:/probe:ro,Z -v ./sandbox/corpus_so:/so:ro,Z -e PYTHONPATH=/src -e PYTHONDONTWRITEBYTECODE=1 localhost/motifbo-env:phase1 bash -c for ns in 8000000 8500000 9000000; do python /probe/corpus/gate_runner.py scale-probe csr_mean_variance_axis0 /so/sparsefuncs_fast_golden.so n_samples=$ns,n_features=200,density=0.05 7; done]
2026-06-26T04:22:09Z RUN-END rc=0 no_turbo=1 gov_cpu3=performance cpu7_online=1 isolated=3,7 freq_cpu3_khz=3600000 thp=madvise
2026-06-26T04:22:24Z RUN-START PASS no_turbo=1 gov_cpu3=performance cpu7_online=1 isolated=3,7 freq_cpu3_khz=3600000 thp=madvise argv=[-v ./src:/src:ro,Z -v ./scripts:/probe:ro,Z -v ./sandbox/corpus_so:/so:ro,Z -e PYTHONPATH=/src -e PYTHONDONTWRITEBYTECODE=1 localhost/motifbo-env:phase1 bash -c python /probe/corpus/gate_runner.py scale-probe csr_mean_variance_axis0 /so/sparsefuncs_fast_golden.so n_samples=9700000,n_features=200,density=0.05 9]
2026-06-26T04:22:33Z RUN-END rc=0 no_turbo=1 gov_cpu3=performance cpu7_online=1 isolated=3,7 freq_cpu3_khz=3600000 thp=madvise
2026-06-26T04:23:13Z RUN-START PASS no_turbo=1 gov_cpu3=performance cpu7_online=1 isolated=3,7 freq_cpu3_khz=3600000 thp=madvise argv=[-v ./src:/src:ro,Z -v ./scripts:/probe:ro,Z -v ./sandbox/corpus_so:/so:ro,Z -v ./results/characterization/archetypes/csr_mean_variance_axis0:/out:Z -e PYTHONPATH=/src -e PYTHONDONTWRITEBYTECODE=1 -e MOTIFBO_IMAGE_ID=d45e33b08bad -e MOTIFBO_GIT_REV=5067a0f -e MOTIFBO_RIG_STATE=no_turbo=1,gov=performance,isolated=3,7,thp=madvise localhost/motifbo-env:phase1 python /probe/corpus/gate_runner.py endpoint csr_mean_variance_axis0 /so/sparsefuncs_fast_golden.so n_samples=9700000,n_features=200,density=0.05 30 /out/G3_golden_endpoint.json]
2026-06-26T04:23:13Z RUN-END rc=1 no_turbo=1 gov_cpu3=performance cpu7_online=1 isolated=3,7 freq_cpu3_khz=3600000 thp=madvise
2026-06-26T04:24:24Z RUN-START PASS no_turbo=1 gov_cpu3=performance cpu7_online=1 isolated=3,7 freq_cpu3_khz=3600000 thp=madvise argv=[-v ./src:/src:ro,Z -v ./scripts:/probe:ro,Z -v ./sandbox/corpus_so:/so:ro,Z -v ./results/characterization/archetypes/csr_mean_variance_axis0:/out:Z -e PYTHONPATH=/src -e PYTHONDONTWRITEBYTECODE=1 -e MOTIFBO_IMAGE_ID=d45e33b08bad -e MOTIFBO_GIT_REV=5067a0f -e MOTIFBO_RIG_STATE=no_turbo=1,gov=performance,isolated=3,7,thp=madvise localhost/motifbo-env:phase1 python /probe/corpus/gate_runner.py endpoint csr_mean_variance_axis0 /so/golden/sparsefuncs_fast.so n_samples=9700000,n_features=200,density=0.05 30 /out/G3_golden_endpoint.json]
2026-06-26T04:25:25Z RUN-END rc=1 no_turbo=1 gov_cpu3=performance cpu7_online=1 isolated=3,7 freq_cpu3_khz=3600000 thp=madvise
2026-06-26T04:26:48Z RUN-START PASS no_turbo=1 gov_cpu3=performance cpu7_online=1 isolated=3,7 freq_cpu3_khz=3600000 thp=madvise argv=[-v ./src:/src:ro,Z -v ./scripts:/probe:ro,Z -v ./sandbox/corpus_so:/so:ro,Z -v ./results/characterization/archetypes/csr_mean_variance_axis0:/out:Z -e PYTHONPATH=/src -e PYTHONDONTWRITEBYTECODE=1 -e MOTIFBO_IMAGE_ID=d45e33b08bad -e MOTIFBO_GIT_REV=5067a0f -e MOTIFBO_RIG_STATE=no_turbo=1,gov=performance,isolated=3,7,thp=madvise localhost/motifbo-env:phase1 python /probe/corpus/gate_runner.py endpoint csr_mean_variance_axis0 /so/golden/sparsefuncs_fast.so n_samples=9700000,n_features=200,density=0.05 30 /out/G3_golden_endpoint.json]
2026-06-26T04:27:53Z RUN-END rc=0 no_turbo=1 gov_cpu3=performance cpu7_online=1 isolated=3,7 freq_cpu3_khz=3600000 thp=madvise
2026-06-26T04:28:27Z RUN-START PASS no_turbo=1 gov_cpu3=performance cpu7_online=1 isolated=3,7 freq_cpu3_khz=3600000 thp=madvise argv=[-v ./src:/src:ro,Z -v ./scripts:/probe:ro,Z -v ./sandbox/corpus_so:/so:ro,Z -e PYTHONPATH=/src -e PYTHONDONTWRITEBYTECODE=1 localhost/motifbo-env:phase1 bash -c 
    echo '=== OPT-INVARIANCE: golden(-O2) output ===';
    python /probe/corpus/gate_runner.py output-hash csr_mean_variance_axis0 /so/golden/sparsefuncs_fast.so n_samples=9700000,n_features=200,density=0.05;
    echo '=== OPT-INVARIANCE: o3x8664(-O3) output ===';
    python /probe/corpus/gate_runner.py output-hash csr_mean_variance_axis0 /so/o3x8664/sparsefuncs_fast.so n_samples=9700000,n_features=200,density=0.05;
    echo '=== G5 DETERMINISM: golden, 5 fresh setups ===';
    python /probe/corpus/gate_runner.py determinism csr_mean_variance_axis0 /so/golden/sparsefuncs_fast.so n_samples=9700000,n_features=200,density=0.05 5;
  ]
2026-06-26T04:28:50Z RUN-END rc=0 no_turbo=1 gov_cpu3=performance cpu7_online=1 isolated=3,7 freq_cpu3_khz=3600000 thp=madvise
2026-06-26T04:31:14Z RUN-START PASS no_turbo=1 gov_cpu3=performance cpu7_online=1 isolated=3,7 freq_cpu3_khz=3600000 thp=madvise argv=[-v ./src:/src:ro,Z -v ./scripts:/probe:ro,Z -v ./sandbox/corpus_so:/so:ro,Z -v ./results/characterization/archetypes/csr_mean_variance_axis0:/out:Z -e PYTHONPATH=/src -e PYTHONDONTWRITEBYTECODE=1 -e MOTIFBO_IMAGE_ID=d45e33b08bad -e MOTIFBO_GIT_REV=5067a0f -e MOTIFBO_RIG_STATE=no_turbo=1,gov=performance,isolated=3,7,thp=madvise localhost/motifbo-env:phase1 python /probe/corpus/gate_runner.py endpoint csr_mean_variance_axis0 /so/golden/sparsefuncs_fast.so n_samples=9700000,n_features=200,density=0.05 30 /out/G3_golden_char_n9.json 9]
2026-06-26T04:33:32Z RUN-START PASS no_turbo=1 gov_cpu3=performance cpu7_online=1 isolated=3,7 freq_cpu3_khz=3600000 thp=madvise argv=[-v ./src:/src:ro,Z -v ./scripts:/probe:ro,Z -v ./sandbox/corpus_so:/so:ro,Z -v ./results/characterization/archetypes/csr_mean_variance_axis0:/out:Z -e PYTHONPATH=/src -e PYTHONDONTWRITEBYTECODE=1 -e MOTIFBO_IMAGE_ID=d45e33b08bad -e MOTIFBO_GIT_REV=5067a0f -e MOTIFBO_RIG_STATE=no_turbo=1,gov=performance,isolated=3,7,thp=madvise localhost/motifbo-env:phase1 python /probe/corpus/gate_runner.py endpoint csr_mean_variance_axis0 /so/golden/sparsefuncs_fast.so n_samples=9700000,n_features=200,density=0.05 30 /out/G3_golden_char_n9.json 9]
2026-06-26T04:36:42Z RUN-END rc=0 no_turbo=1 gov_cpu3=performance cpu7_online=1 isolated=3,7 freq_cpu3_khz=3600000 thp=madvise
2026-06-26T04:39:43Z RUN-START PASS no_turbo=1 gov_cpu3=performance cpu7_online=1 isolated=3,7 freq_cpu3_khz=3600000 thp=madvise argv=[-v ./src:/src:ro,Z -v ./scripts:/probe:ro,Z -v ./sandbox/corpus_so:/so:ro,Z -e PYTHONPATH=/src -e PYTHONDONTWRITEBYTECODE=1 localhost/motifbo-env:phase1 python /probe/corpus/crit3_probe.py csr_mean_variance_axis0 /so/o3native/sparsefuncs_fast.so 8 9700000 200 0.05]
2026-06-26T04:39:45Z RUN-END rc=1 no_turbo=1 gov_cpu3=performance cpu7_online=1 isolated=3,7 freq_cpu3_khz=3600000 thp=madvise
2026-06-26T04:39:57Z RUN-START PASS no_turbo=1 gov_cpu3=performance cpu7_online=1 isolated=3,7 freq_cpu3_khz=3600000 thp=madvise argv=[-v ./src:/src:ro,Z -v ./scripts:/probe:ro,Z -v ./sandbox/corpus_so:/so:ro,Z -v ./results/characterization/archetypes/csr_mean_variance_axis0:/out:Z -e PYTHONPATH=/src -e PYTHONDONTWRITEBYTECODE=1 localhost/motifbo-env:phase1 python /probe/corpus/crit3_probe.py csr_mean_variance_axis0 /so/o3native/sparsefuncs_fast.so 8 9700000 200 0.05]
2026-06-26T04:39:59Z RUN-END rc=1 no_turbo=1 gov_cpu3=performance cpu7_online=1 isolated=3,7 freq_cpu3_khz=3600000 thp=madvise
2026-06-26T04:40:47Z RUN-START PASS no_turbo=1 gov_cpu3=performance cpu7_online=1 isolated=3,7 freq_cpu3_khz=3600000 thp=madvise argv=[-v ./src:/src:ro,Z -v ./scripts:/probe:ro,Z -v ./sandbox/corpus_so:/so:ro,Z -v ./results/characterization/archetypes/csr_mean_variance_axis0:/out:Z -e PYTHONPATH=/src -e PYTHONDONTWRITEBYTECODE=1 localhost/motifbo-env:phase1 python /probe/corpus/crit3_probe.py csr_mean_variance_axis0 /so/o3native/sparsefuncs_fast.so 8 9700000 200 0.05]
2026-06-26T04:40:57Z RUN-END rc=0 no_turbo=1 gov_cpu3=performance cpu7_online=1 isolated=3,7 freq_cpu3_khz=3600000 thp=madvise
2026-06-26T04:48:47Z RUN-START PASS no_turbo=1 gov_cpu3=performance cpu7_online=1 isolated=3,7 freq_cpu3_khz=3600000 thp=madvise argv=[-v ./src:/src:ro,Z -v ./scripts:/probe:ro,Z -v ./sandbox/corpus_so:/so:ro,Z -e PYTHONPATH=/src -e PYTHONDONTWRITEBYTECODE=1 localhost/motifbo-env:phase1 bash -c 
    echo "### PAVA timed-recallable ###"
    python /probe/corpus/gate_runner.py recallable _inplace_contiguous_isotonic_regression /so/_isotonic/golden/_isotonic.so n=2000000
    echo "### dbscan timed-recallable ###"
    python /probe/corpus/gate_runner.py recallable dbscan_inner /so/_dbscan_inner/golden/_dbscan_inner.so n=200000,avg_deg=10
  ]
2026-06-26T04:48:48Z RUN-END rc=0 no_turbo=1 gov_cpu3=performance cpu7_online=1 isolated=3,7 freq_cpu3_khz=3600000 thp=madvise
2026-06-26T04:50:02Z RUN-START PASS no_turbo=1 gov_cpu3=performance cpu7_online=1 isolated=3,7 freq_cpu3_khz=3600000 thp=madvise argv=[-v ./src:/src:ro,Z -v ./scripts:/probe:ro,Z -v ./sandbox/corpus_so:/so:ro,Z -e PYTHONPATH=/src -e PYTHONDONTWRITEBYTECODE=1 localhost/motifbo-env:phase1 bash -c 
    python /probe/corpus/gate_runner.py recallable  _inplace_contiguous_isotonic_regression /so/_isotonic/golden/_isotonic.so n=2000000
    python /probe/corpus/gate_runner.py determinism _inplace_contiguous_isotonic_regression /so/_isotonic/golden/_isotonic.so n=2000000 5
  ]
2026-06-26T04:50:03Z RUN-END rc=0 no_turbo=1 gov_cpu3=performance cpu7_online=1 isolated=3,7 freq_cpu3_khz=3600000 thp=madvise
2026-06-26T04:50:03Z RUN-START PASS no_turbo=1 gov_cpu3=performance cpu7_online=1 isolated=3,7 freq_cpu3_khz=3600000 thp=madvise argv=[-v ./src:/src:ro,Z -v ./scripts:/probe:ro,Z -v ./sandbox/corpus_so:/so:ro,Z -e PYTHONPATH=/src -e PYTHONDONTWRITEBYTECODE=1 localhost/motifbo-env:phase1 bash -c 
    python /probe/corpus/gate_runner.py recallable  dbscan_inner /so/_dbscan_inner/golden/_dbscan_inner.so n=200000,avg_deg=10
    python /probe/corpus/gate_runner.py determinism dbscan_inner /so/_dbscan_inner/golden/_dbscan_inner.so n=200000,avg_deg=10 5
  ]
2026-06-26T04:50:05Z RUN-END rc=0 no_turbo=1 gov_cpu3=performance cpu7_online=1 isolated=3,7 freq_cpu3_khz=3600000 thp=madvise
2026-06-26T04:54:55Z RUN-START PASS no_turbo=1 gov_cpu3=performance cpu7_online=1 isolated=3,7 freq_cpu3_khz=3600000 thp=madvise argv=[-v ./src:/src:ro,Z -v ./scripts:/probe:ro,Z -v ./sandbox/corpus_so:/so:ro,Z -e PYTHONPATH=/src -e PYTHONDONTWRITEBYTECODE=1 localhost/motifbo-env:phase1 python3 -c 
import importlib.util, sys, time, hashlib, numpy as np
sys.path.insert(0,"/probe/corpus")
import sklearn.cluster                                  # loader pre-import (the _child fix)
import corpus_drivers as cd
s=importlib.util.spec_from_file_location("_k_means_lloyd","/so/_k_means_lloyd/golden/_k_means_lloyd.so")
m=importlib.util.module_from_spec(s); s.loader.exec_module(m)
fn=m.lloyd_iter_chunked_dense
ns={}; exec(cd.UNITS["lloyd_iter_chunked_dense"]["setup"]({"n_samples":200000,"n_features":50,"n_clusters":50}), ns)
args=tuple(ns["args"]); oi=cd.UNITS["lloyd_iter_chunked_dense"]["out_arg_indices"]
def oh():
    h=hashlib.sha256()
    for i in oi:
        a=np.ascontiguousarray(args[i]); h.update(str(a.dtype).encode()); h.update(a.tobytes())
    return h.hexdigest()[:16]
for _ in range(3): fn(*args)            # warmup
ts=[]; hs=[]
for _ in range(3):
    t0=time.perf_counter_ns(); fn(*args); ts.append((time.perf_counter_ns()-t0)/1e6); hs.append(oh())
print("call_times_ms=",[round(t,2) for t in ts]," ratio2/1=",round(ts[1]/ts[0],3))
print("output_hashes=",hs," identical=",len(set(hs))==1)
print("RE-CALLABLE (timed):", (len(set(hs))==1) and (ts[1]/ts[0]>0.5))
]
2026-06-26T04:54:56Z RUN-END rc=0 no_turbo=1 gov_cpu3=performance cpu7_online=1 isolated=3,7 freq_cpu3_khz=3600000 thp=madvise
2026-06-26T21:29:47Z RUN-START PASS no_turbo=1 gov_cpu3=performance cpu7_online=1 isolated=3,7 freq_cpu3_khz=3600000 thp=madvise argv=[-v ./src:/src:ro,Z -v ./scripts:/probe:ro,Z -v ./sandbox/corpus_so:/so:ro,Z -e PYTHONPATH=/src -e PYTHONDONTWRITEBYTECODE=1 localhost/motifbo-env:phase1 bash -c 
    for n in 1000000 5000000 10000000 20000000 40000000; do
      python /probe/corpus/gate_runner.py scale-probe _inplace_contiguous_isotonic_regression /so/_isotonic/golden/_isotonic.so n=$n 7
    done]
2026-06-26T21:30:16Z RUN-END rc=0 no_turbo=1 gov_cpu3=performance cpu7_online=1 isolated=3,7 freq_cpu3_khz=3600000 thp=madvise
2026-06-26T21:31:12Z RUN-START PASS no_turbo=1 gov_cpu3=performance cpu7_online=1 isolated=3,7 freq_cpu3_khz=3600000 thp=madvise argv=[-v ./src:/src:ro,Z -v ./scripts:/probe:ro,Z -v ./sandbox/corpus_so:/so:ro,Z -v ./results/characterization/cf4_recheck:/out:Z -e PYTHONPATH=/src -e PYTHONDONTWRITEBYTECODE=1 -e MOTIFBO_IMAGE_ID=d45e33b08bad -e MOTIFBO_GIT_REV=9db9aff -e MOTIFBO_RIG_STATE=v1.4 localhost/motifbo-env:phase1 python /probe/corpus/gate_runner.py endpoint _inplace_contiguous_isotonic_regression /so/_isotonic/golden/_isotonic.so n=4700000 30 /out/pava_74ms_m40.json 40]
2026-06-26T21:35:16Z RUN-END rc=0 no_turbo=1 gov_cpu3=performance cpu7_online=1 isolated=3,7 freq_cpu3_khz=3600000 thp=madvise
2026-06-26T21:35:29Z RUN-START PASS no_turbo=1 gov_cpu3=performance cpu7_online=1 isolated=3,7 freq_cpu3_khz=3600000 thp=madvise argv=[-v ./src:/src:ro,Z -v ./scripts:/probe:ro,Z -v ./sandbox/corpus_so:/so:ro,Z -v ./results/characterization/cf4_recheck:/out:Z -e PYTHONPATH=/src -e PYTHONDONTWRITEBYTECODE=1 -e MOTIFBO_IMAGE_ID=d45e33b08bad -e MOTIFBO_GIT_REV=9db9aff -e MOTIFBO_RIG_STATE=v1.4 localhost/motifbo-env:phase1 python /probe/corpus/gate_runner.py endpoint _inplace_contiguous_isotonic_regression /so/_isotonic/golden/_isotonic.so n=30500000 30 /out/pava_485ms_m20.json 20]
2026-06-26T21:44:48Z RUN-START PASS no_turbo=1 gov_cpu3=performance cpu7_online=1 isolated=3,7 freq_cpu3_khz=3600000 thp=madvise argv=[-v ./src:/src:ro,Z -v ./scripts:/probe:ro,Z -v ./sandbox/corpus_so:/so:ro,Z -v ./results/characterization/cf4_recheck:/out:Z -e PYTHONPATH=/src -e PYTHONDONTWRITEBYTECODE=1 -e MOTIFBO_IMAGE_ID=d45e33b08bad -e MOTIFBO_GIT_REV=9db9aff -e MOTIFBO_RIG_STATE=v1.4 localhost/motifbo-env:phase1 python /probe/corpus/gate_runner.py endpoint _inplace_contiguous_isotonic_regression /so/_isotonic/golden/_isotonic.so n=30500000 30 /out/pava_485ms_m20.json 20]
2026-06-26T21:47:17Z RUN-START PASS no_turbo=1 gov_cpu3=performance cpu7_online=1 isolated=3,7 freq_cpu3_khz=3600000 thp=madvise argv=[-v ./src:/src:ro,Z -v ./scripts:/probe:ro,Z -v ./sandbox/corpus_so:/so:ro,Z -e PYTHONPATH=/src -e PYTHONDONTWRITEBYTECODE=1 localhost/motifbo-env:phase1 python3 -c 
import numpy as np, importlib.util, statistics, time, json
from scipy.sparse import random as sprand, csr_matrix
n,nf,dens,seed=1_000_000,200,0.05,20260625
# (1) scipy.sparse.random reference
Xs=sprand(n,nf,density=dens,format="csr",dtype=np.float64,random_state=seed)
rng=np.random.default_rng(seed); Xs.data[:]=rng.standard_normal(Xs.nnz)
# (2) fast O(nnz) builder (the committed recipe)
rng2=np.random.default_rng(seed); npr=round(nf*dens); nnz=n*npr
data=rng2.standard_normal(nnz); idx=rng2.integers(0,nf,size=nnz,dtype=np.int32)
indptr=np.arange(0,nnz+1,npr,dtype=np.int32)
Xf=csr_matrix((data,idx,indptr),shape=(n,nf))
w=rng2.uniform(0.5,2.0,n)
# sparsity stats
rc_s=np.diff(Xs.indptr); rc_f=np.diff(Xf.indptr)
print("nnz: scipy=%d fast=%d  nrows=%d/%d"%(Xs.nnz,Xf.nnz,Xs.shape[0],Xf.shape[0]))
print("per-row nnz: scipy mean=%.3f std=%.3f | fast mean=%.3f std=%.3f"%(rc_s.mean(),rc_s.std(),rc_f.mean(),rc_f.std()))
print("col-id uniform: scipy minmax=(%d,%d) | fast minmax=(%d,%d)"%(Xs.indices.min(),Xs.indices.max(),Xf.indices.min(),Xf.indices.max()))
# (3) time the kernel on each
spec=importlib.util.spec_from_file_location("sparsefuncs_fast","/so/golden/sparsefuncs_fast.so")
m=importlib.util.module_from_spec(spec); spec.loader.exec_module(m); fn=m.csr_mean_variance_axis0
def t(X,wt):
    for _ in range(3): fn(X,wt)
    s=[]
    for _ in range(9):
        t0=time.perf_counter_ns(); fn(X,wt); s.append(time.perf_counter_ns()-t0)
    return statistics.median(s)/1e6
ts=t(Xs,w); tf=t(Xf,w)
print("kernel per-call: scipy-CSR=%.2fms  fast-CSR=%.2fms  ratio=%.4f (timing-equivalent if ~1.0)"%(ts,tf,tf/ts))
]
2026-06-26T21:47:30Z RUN-END rc=1 no_turbo=1 gov_cpu3=performance cpu7_online=1 isolated=3,7 freq_cpu3_khz=3600000 thp=madvise
2026-06-26T21:47:37Z RUN-END rc=0 no_turbo=1 gov_cpu3=performance cpu7_online=1 isolated=3,7 freq_cpu3_khz=3600000 thp=madvise
2026-06-26T21:48:58Z RUN-START PASS no_turbo=1 gov_cpu3=performance cpu7_online=1 isolated=3,7 freq_cpu3_khz=3600000 thp=madvise argv=[-v ./src:/src:ro,Z -v ./scripts:/probe:ro,Z -v ./sandbox/corpus_so:/so:ro,Z -e PYTHONPATH=/src -e PYTHONDONTWRITEBYTECODE=1 localhost/motifbo-env:phase1 python3 -c 
import numpy as np, importlib.util, statistics, time
from scipy.sparse import random as sprand, csr_matrix
n,nf,dens,seed=1_000_000,200,0.05,20260625
spec=importlib.util.spec_from_file_location("sparsefuncs_fast","/so/golden/sparsefuncs_fast.so")
m=importlib.util.module_from_spec(spec); spec.loader.exec_module(m); fn=m.csr_mean_variance_axis0
rng=np.random.default_rng(seed); w=rng.uniform(0.5,2.0,n)
def t(X):
    for _ in range(3): fn(X,w)
    s=[time.perf_counter_ns() for _ in range(1)]; s=[]
    for _ in range(9):
        t0=time.perf_counter_ns(); fn(X,w); s.append(time.perf_counter_ns()-t0)
    return statistics.median(s)/1e6
# scipy reference
Xs=sprand(n,nf,density=dens,format="csr",dtype=np.float64,random_state=seed); Xs.data[:]=rng.standard_normal(Xs.nnz)
# variant A: fixed-count unsorted-dup (current committed builder)
npr=round(nf*dens); nnz=n*npr; r2=np.random.default_rng(seed)
dA=r2.standard_normal(nnz); iA=r2.integers(0,nf,size=nnz,dtype=np.int32); ip=np.arange(0,nnz+1,npr,dtype=np.int32)
XA=csr_matrix((dA,iA.copy(),ip),shape=(n,nf))
# variant B: fixed-count SORTED-within-row (vectorized sort)
iB=np.sort(iA.reshape(n,npr),axis=1).ravel().astype(np.int32)
XB=csr_matrix((dA,iB,ip),shape=(n,nf))
print("scipy=%.2fms  fixedUnsorted(A)=%.2fms ratioA=%.4f  fixedSorted(B)=%.2fms ratioB=%.4f"%(
    t(Xs), t(XA), t(XA)/t(Xs), t(XB), t(XB)/t(Xs)))
]
2026-06-26T21:49:13Z RUN-END rc=0 no_turbo=1 gov_cpu3=performance cpu7_online=1 isolated=3,7 freq_cpu3_khz=3600000 thp=madvise
2026-06-26T21:49:45Z RUN-START PASS no_turbo=1 gov_cpu3=performance cpu7_online=1 isolated=3,7 freq_cpu3_khz=3600000 thp=madvise argv=[-v ./src:/src:ro,Z -v ./scripts:/probe:ro,Z -v ./sandbox/corpus_so:/so:ro,Z -e PYTHONPATH=/src -e PYTHONDONTWRITEBYTECODE=1 localhost/motifbo-env:phase1 python3 -c 
import numpy as np, importlib.util, statistics, time
from scipy.sparse import random as sprand, csr_matrix
n,nf,dens,seed=1_000_000,200,0.05,20260625
spec=importlib.util.spec_from_file_location("sparsefuncs_fast","/so/golden/sparsefuncs_fast.so")
m=importlib.util.module_from_spec(spec); spec.loader.exec_module(m); fn=m.csr_mean_variance_axis0
rng=np.random.default_rng(seed); w=rng.uniform(0.5,2.0,n)
def t(X):
    for _ in range(3): fn(X,w)
    s=[]
    for _ in range(9):
        t0=time.perf_counter_ns(); fn(X,w); s.append(time.perf_counter_ns()-t0)
    return statistics.median(s)/1e6
Xs=sprand(n,nf,density=dens,format="csr",dtype=np.float64,random_state=seed); Xs.data[:]=rng.standard_normal(Xs.nnz)
# variant C: BINOMIAL per-row counts (matches scipy density model), sorted-unique-ish columns
r=np.random.default_rng(seed)
counts=r.binomial(nf,dens,size=n).astype(np.int32)
indptr=np.zeros(n+1,dtype=np.int32); np.cumsum(counts,out=indptr[1:]); nnz=int(indptr[-1])
data=r.standard_normal(nnz); idx=r.integers(0,nf,size=nnz,dtype=np.int32)
XC=csr_matrix((data,idx,indptr),shape=(n,nf))
rcS=np.diff(Xs.indptr); rcC=np.diff(XC.indptr)
print("per-row nnz std: scipy=%.3f  variantC=%.3f"%(rcS.std(),rcC.std()))
print("nnz: scipy=%d  variantC=%d"%(Xs.nnz,XC.nnz))
print("scipy=%.2fms  variantC(binomial)=%.2fms ratioC=%.4f"%(t(Xs),t(XC),t(XC)/t(Xs)))
]
2026-06-26T21:50:00Z RUN-END rc=0 no_turbo=1 gov_cpu3=performance cpu7_online=1 isolated=3,7 freq_cpu3_khz=3600000 thp=madvise
2026-06-26T21:51:00Z RUN-START PASS no_turbo=1 gov_cpu3=performance cpu7_online=1 isolated=3,7 freq_cpu3_khz=3600000 thp=madvise argv=[-v ./src:/src:ro,Z -v ./scripts:/probe:ro,Z -v ./sandbox/corpus_so:/so:ro,Z -e PYTHONPATH=/src -e PYTHONDONTWRITEBYTECODE=1 localhost/motifbo-env:phase1 bash -c 
    for ns in 8000000 8400000 8800000; do
      python /probe/corpus/gate_runner.py scale-probe csr_mean_variance_axis0 /so/golden/sparsefuncs_fast.so n_samples=$ns,n_features=200,density=0.05 7
    done]
2026-06-26T21:51:22Z RUN-END rc=0 no_turbo=1 gov_cpu3=performance cpu7_online=1 isolated=3,7 freq_cpu3_khz=3600000 thp=madvise
2026-06-26T21:51:36Z RUN-START PASS no_turbo=1 gov_cpu3=performance cpu7_online=1 isolated=3,7 freq_cpu3_khz=3600000 thp=madvise argv=[-v ./src:/src:ro,Z -v ./scripts:/probe:ro,Z -v ./sandbox/corpus_so:/so:ro,Z -v ./results/characterization/archetypes/csr_mean_variance_axis0:/out:Z -e PYTHONPATH=/src -e PYTHONDONTWRITEBYTECODE=1 -e MOTIFBO_IMAGE_ID=d45e33b08bad -e MOTIFBO_GIT_REV=9db9aff -e MOTIFBO_RIG_STATE=v1.4,binomial-builder localhost/motifbo-env:phase1 python /probe/corpus/gate_runner.py endpoint csr_mean_variance_axis0 /so/golden/sparsefuncs_fast.so n_samples=8650000,n_features=200,density=0.05 30 /out/G3_golden_endpoint.json]
2026-06-26T21:52:41Z RUN-END rc=0 no_turbo=1 gov_cpu3=performance cpu7_online=1 isolated=3,7 freq_cpu3_khz=3600000 thp=madvise
2026-06-26T21:52:58Z RUN-START PASS no_turbo=1 gov_cpu3=performance cpu7_online=1 isolated=3,7 freq_cpu3_khz=3600000 thp=madvise argv=[-v ./src:/src:ro,Z -v ./scripts:/probe:ro,Z -v ./sandbox/corpus_so:/so:ro,Z -e PYTHONPATH=/src -e PYTHONDONTWRITEBYTECODE=1 localhost/motifbo-env:phase1 bash -c 
    echo '--- opt-inv golden(-O2) ---'; python /probe/corpus/gate_runner.py output-hash csr_mean_variance_axis0 /so/golden/sparsefuncs_fast.so n_samples=8650000,n_features=200,density=0.05 | grep -oE '"output_sha256": "[a-f0-9]{12}|"input_fingerprint": "[a-f0-9]{12}';
    echo '--- opt-inv o3x8664(-O3) ---'; python /probe/corpus/gate_runner.py output-hash csr_mean_variance_axis0 /so/o3x8664/sparsefuncs_fast.so n_samples=8650000,n_features=200,density=0.05 | grep -oE '"output_sha256": "[a-f0-9]{12}';
    echo '--- G5 determinism (5 fresh) ---'; python /probe/corpus/gate_runner.py determinism csr_mean_variance_axis0 /so/golden/sparsefuncs_fast.so n_samples=8650000,n_features=200,density=0.05 5 | grep -oE '"all_identical": (true|false)';
    echo '--- crit-3 @ golden scale, -O3 native ---'; python /probe/corpus/crit3_probe.py csr_mean_variance_axis0 /so/o3native/sparsefuncs_fast.so 8 8650000 200 0.05 | grep -oE 'KERNEL-SHARE.*%|per-call=[0-9.]*ms';
  ]
2026-06-26T21:53:35Z RUN-END rc=0 no_turbo=1 gov_cpu3=performance cpu7_online=1 isolated=3,7 freq_cpu3_khz=3600000 thp=madvise
2026-06-26T21:54:57Z RUN-START PASS no_turbo=1 gov_cpu3=performance cpu7_online=1 isolated=3,7 freq_cpu3_khz=3600000 thp=madvise argv=[-v ./src:/src:ro,Z -v ./scripts:/probe:ro,Z -v ./sandbox/corpus_so:/so:ro,Z -v ./results/characterization/cf4_recheck:/out:Z -e PYTHONPATH=/src -e PYTHONDONTWRITEBYTECODE=1 -e MOTIFBO_IMAGE_ID=d45e33b08bad -e MOTIFBO_GIT_REV=ea424d9 -e MOTIFBO_RIG_STATE=v1.4 localhost/motifbo-env:phase1 python /probe/corpus/gate_runner.py endpoint _inplace_contiguous_isotonic_regression /so/_isotonic/golden/_isotonic.so n=30500000 30 /out/pava_485ms_m20.json 20]
2026-06-26T22:05:21Z RUN-START PASS no_turbo=1 gov_cpu3=performance cpu7_online=1 isolated=3,7 freq_cpu3_khz=3600000 thp=madvise argv=[-v ./src:/src:ro,Z -v ./scripts:/probe:ro,Z -v ./sandbox/corpus_so:/so:ro,Z -v ./results/characterization/cf4_recheck:/out:Z -e PYTHONPATH=/src -e PYTHONDONTWRITEBYTECODE=1 -e MOTIFBO_IMAGE_ID=d45e33b08bad -e MOTIFBO_GIT_REV=ea424d9 -e MOTIFBO_RIG_STATE=v1.4 localhost/motifbo-env:phase1 python /probe/corpus/gate_runner.py endpoint _inplace_contiguous_isotonic_regression /so/_isotonic/golden/_isotonic.so n=30500000 30 /out/pava_485ms_m20.json 20]
2026-06-26T22:18:55Z RUN-END rc=0 no_turbo=1 gov_cpu3=performance cpu7_online=1 isolated=3,7 freq_cpu3_khz=3600000 thp=madvise
2026-06-26T22:19:51Z RUN-START PASS no_turbo=1 gov_cpu3=performance cpu7_online=1 isolated=3,7 freq_cpu3_khz=3600000 thp=madvise argv=[-v ./src:/src:ro,Z -v ./scripts:/probe:ro,Z -v ./sandbox/corpus_so:/so:ro,Z -e PYTHONPATH=/src -e PYTHONDONTWRITEBYTECODE=1 localhost/motifbo-env:phase1 python /probe/corpus/gate_runner.py endpoint lloyd_iter_chunked_dense /so/_k_means_lloyd/golden/_k_means_lloyd.so n_samples=200000,n_features=50,n_clusters=50 30 /tmp/lloyd_smoke.json 3]
2026-06-26T22:20:03Z RUN-END rc=0 no_turbo=1 gov_cpu3=performance cpu7_online=1 isolated=3,7 freq_cpu3_khz=3600000 thp=madvise
2026-06-26T22:29:13Z RUN-START PASS no_turbo=1 gov_cpu3=performance cpu7_online=1 isolated=3,7 freq_cpu3_khz=3600000 thp=madvise argv=[-v ./src:/src:ro,Z -v ./scripts:/probe:ro,Z -v ./sandbox/corpus_so:/so:ro,Z -e PYTHONPATH=/src -e OMP_NUM_THREADS=1 localhost/motifbo-env:phase1 python3 -c 
import importlib.util, sys, time, statistics, numpy as np
sys.path.insert(0,"/probe/corpus"); import sklearn.cluster
import corpus_drivers as cd
spec=importlib.util.spec_from_file_location("_k_means_lloyd","/so/_k_means_lloyd/golden/_k_means_lloyd.so")
m=importlib.util.module_from_spec(spec); spec.loader.exec_module(m); fn=m.lloyd_iter_chunked_dense
def t(ns,nf,nc):
    e={}; exec(cd.UNITS["lloyd_iter_chunked_dense"]["setup"]({"n_samples":ns,"n_features":nf,"n_clusters":nc}),e)
    a=tuple(e["args"])
    for _ in range(3): fn(*a)
    s=[]
    for _ in range(9):
        t0=time.perf_counter_ns(); fn(*a); s.append(time.perf_counter_ns()-t0)
    return statistics.median(s)/1e6
base=200000
for nf in [5,25,50,100,200]:
    print("nf=%3d  per-call=%.3fms"%(nf, t(base,nf,50)))
]
2026-06-26T22:29:20Z RUN-END rc=0 no_turbo=1 gov_cpu3=performance cpu7_online=1 isolated=3,7 freq_cpu3_khz=3600000 thp=madvise
2026-06-26T22:36:55Z RUN-START PASS no_turbo=1 gov_cpu3=performance cpu7_online=1 isolated=3,7 freq_cpu3_khz=3600000 thp=madvise argv=[-v ./src:/src:ro,Z -v ./scripts:/probe:ro,Z -v ./sandbox/corpus_so:/so:ro,Z -v ./results/characterization/archetypes/csr_mean_variance_axis0/endpoint_precision:/out:Z -e PYTHONPATH=/src -e PYTHONDONTWRITEBYTECODE=1 -e MOTIFBO_IMAGE_ID=d45e33b08bad -e MOTIFBO_GIT_REV=5d9af6c -e MOTIFBO_RIG_STATE=v1.4,binomial localhost/motifbo-env:phase1 python /probe/corpus/gate_runner.py endpoint csr_mean_variance_axis0 /so/golden/sparsefuncs_fast.so n_samples=8650000,n_features=200,density=0.05 30 /out/csr_endprec_m24.json 24]
2026-06-26T22:44:57Z RUN-END rc=0 no_turbo=1 gov_cpu3=performance cpu7_online=1 isolated=3,7 freq_cpu3_khz=3600000 thp=madvise
2026-06-28T00:07:55Z VERIFY-ONLY PASS no_turbo=1 gov_cpu3=performance cpu7_online=1 isolated=3,7 freq_cpu3_khz=3600000 thp=madvise
2026-06-28T19:28:15Z RUN-START PASS no_turbo=1 gov_cpu3=performance cpu7_online=1 isolated=3,7 freq_cpu3_khz=3600000 thp=madvise argv=[-v ./scripts:/probe:ro,Z -v ./src:/src:ro,Z -v ./data/corpus/sklearn/sparsefuncs_fast/closure:/unit/closure:ro,Z -v ./results/characterization/delta_probe:/out:Z -e PYTHONPATH=/src localhost/motifbo-env:phase1 python /probe/corpus/delta_probe.py csr_mean_variance_axis0 25]
2026-06-28T19:34:43Z RUN-END rc=0 no_turbo=1 gov_cpu3=performance cpu7_online=1 isolated=3,7 freq_cpu3_khz=3600000 thp=madvise
2026-06-28T19:35:59Z RUN-START PASS no_turbo=1 gov_cpu3=performance cpu7_online=1 isolated=3,7 freq_cpu3_khz=3600000 thp=madvise argv=[-v ./scripts:/probe:ro,Z -v ./src:/src:ro,Z -v ./data/corpus/sklearn/_online_lda_fast/closure:/unit/closure:ro,Z -v ./results/characterization/delta_probe:/out:Z -e PYTHONPATH=/src localhost/motifbo-env:phase1 python /probe/corpus/delta_probe.py _dirichlet_expectation_2d 25]
2026-06-28T19:39:29Z RUN-END rc=0 no_turbo=1 gov_cpu3=performance cpu7_online=1 isolated=3,7 freq_cpu3_khz=3600000 thp=madvise
2026-06-28T19:39:29Z RUN-START PASS no_turbo=1 gov_cpu3=performance cpu7_online=1 isolated=3,7 freq_cpu3_khz=3600000 thp=madvise argv=[-v ./scripts:/probe:ro,Z -v ./src:/src:ro,Z -v ./data/corpus/sklearn/_binning/closure:/unit/closure:ro,Z -v ./results/characterization/delta_probe:/out:Z -e PYTHONPATH=/src localhost/motifbo-env:phase1 python /probe/corpus/delta_probe.py _map_to_bins 25]
2026-06-28T19:46:01Z RUN-END rc=137 no_turbo=1 gov_cpu3=performance cpu7_online=1 isolated=3,7 freq_cpu3_khz=3600000 thp=madvise
2026-06-28T19:46:48Z RUN-START PASS no_turbo=1 gov_cpu3=performance cpu7_online=1 isolated=3,7 freq_cpu3_khz=3600000 thp=madvise argv=[-v ./scripts:/probe:ro,Z -v ./src:/src:ro,Z -v ./data/corpus/scipy/_ppoly/closure:/unit/closure:ro,Z -v ./results/characterization/delta_probe:/out:Z -e PYTHONPATH=/src localhost/motifbo-env:phase1 python /probe/corpus/delta_probe.py ppoly_evaluate 25]
2026-06-28T19:52:36Z RUN-END rc=0 no_turbo=1 gov_cpu3=performance cpu7_online=1 isolated=3,7 freq_cpu3_khz=3600000 thp=madvise
2026-06-28T19:52:36Z RUN-START PASS no_turbo=1 gov_cpu3=performance cpu7_online=1 isolated=3,7 freq_cpu3_khz=3600000 thp=madvise argv=[-v ./scripts:/probe:ro,Z -v ./src:/src:ro,Z -v ./data/corpus/sklearn/_binning/closure:/unit/closure:ro,Z -v ./results/characterization/delta_probe:/out:Z -e PYTHONPATH=/src localhost/motifbo-env:phase1 python /probe/corpus/delta_probe.py _map_to_bins 25]
2026-06-28T19:58:29Z RUN-END rc=0 no_turbo=1 gov_cpu3=performance cpu7_online=1 isolated=3,7 freq_cpu3_khz=3600000 thp=madvise
2026-06-28T19:58:29Z RUN-START PASS no_turbo=1 gov_cpu3=performance cpu7_online=1 isolated=3,7 freq_cpu3_khz=3600000 thp=madvise argv=[-v ./scripts:/probe:ro,Z -v ./src:/src:ro,Z -v ./data/corpus/sklearn/_isotonic/closure:/unit/closure:ro,Z -v ./results/characterization/delta_probe:/out:Z -e PYTHONPATH=/src localhost/motifbo-env:phase1 python /probe/corpus/delta_probe.py _inplace_contiguous_isotonic_regression 25]
2026-06-28T20:00:51Z RUN-END rc=0 no_turbo=1 gov_cpu3=performance cpu7_online=1 isolated=3,7 freq_cpu3_khz=3600000 thp=madvise
2026-06-28T20:08:31Z RUN-START PASS no_turbo=1 gov_cpu3=performance cpu7_online=1 isolated=3,7 freq_cpu3_khz=3600000 thp=madvise argv=[-v ./scripts:/probe:ro,Z -v ./src:/src:ro,Z -v ./data/corpus/scipy/_shortest_path/closure:/unit/closure:ro,Z -v ./results/characterization/delta_probe:/out:Z -e PYTHONPATH=/src localhost/motifbo-env:phase1 python /probe/corpus/delta_probe.py floyd_warshall 25]
2026-06-28T20:10:44Z RUN-END rc=0 no_turbo=1 gov_cpu3=performance cpu7_online=1 isolated=3,7 freq_cpu3_khz=3600000 thp=madvise
2026-06-28T20:10:44Z RUN-START PASS no_turbo=1 gov_cpu3=performance cpu7_online=1 isolated=3,7 freq_cpu3_khz=3600000 thp=madvise argv=[-v ./scripts:/probe:ro,Z -v ./src:/src:ro,Z -v ./data/corpus/scipy/_traversal/closure:/unit/closure:ro,Z -v ./results/characterization/delta_probe:/out:Z -e PYTHONPATH=/src localhost/motifbo-env:phase1 python /probe/corpus/delta_probe.py connected_components 25]
2026-06-28T20:13:18Z RUN-START PASS no_turbo=1 gov_cpu3=performance cpu7_online=1 isolated=3,7 freq_cpu3_khz=3600000 thp=madvise argv=[-v ./scripts:/probe:ro,Z -v ./src:/src:ro,Z -v ./data/corpus/scipy/_shortest_path/closure:/unit/closure:ro,Z -v ./results/characterization/delta_probe:/out:Z -e PYTHONPATH=/src localhost/motifbo-env:phase1 python /probe/corpus/delta_probe.py floyd_warshall 25]
2026-06-28T20:14:31Z RUN-END rc=1 no_turbo=1 gov_cpu3=performance cpu7_online=1 isolated=3,7 freq_cpu3_khz=3600000 thp=madvise
2026-06-28T20:18:39Z RUN-END rc=0 no_turbo=1 gov_cpu3=performance cpu7_online=1 isolated=3,7 freq_cpu3_khz=3600000 thp=madvise
2026-06-28T20:18:40Z RUN-START PASS no_turbo=1 gov_cpu3=performance cpu7_online=1 isolated=3,7 freq_cpu3_khz=3600000 thp=madvise argv=[-v ./scripts:/probe:ro,Z -v ./src:/src:ro,Z -v ./data/corpus/scipy/_traversal/closure:/unit/closure:ro,Z -v ./results/characterization/delta_probe:/out:Z -e PYTHONPATH=/src localhost/motifbo-env:phase1 python /probe/corpus/delta_probe.py connected_components 25]
2026-06-29T05:39:22Z RUN-START PASS no_turbo=1 gov_cpu3=performance cpu7_online=1 isolated=3,7 freq_cpu3_khz=3600000 thp=madvise argv=[-v ./scripts:/probe:ro,Z -v ./src:/src:ro,Z -v ./data/corpus/scipy/_traversal/closure:/unit/closure:ro,Z -v ./results/characterization/delta_probe:/out:Z -e PYTHONPATH=/src localhost/motifbo-env:phase1 python /probe/corpus/delta_probe.py connected_components 25]
2026-06-29T05:54:31Z RUN-END rc=0 no_turbo=1 gov_cpu3=performance cpu7_online=1 isolated=3,7 freq_cpu3_khz=3600000 thp=madvise
2026-06-29T05:56:39Z RUN-START PASS no_turbo=1 gov_cpu3=performance cpu7_online=1 isolated=3,7 freq_cpu3_khz=3600000 thp=madvise argv=[-v ./scripts:/probe:ro,Z -v ./src:/src:ro,Z -v ./data/corpus/sklearn/_k_means_elkan/closure:/unit/closure:ro,Z -v ./results/characterization/delta_probe:/out:Z localhost/motifbo-env:phase1 python /probe/corpus/delta_probe_pkg.py elkan_iter_chunked_dense 25]
2026-06-29T06:03:54Z RUN-END rc=0 no_turbo=1 gov_cpu3=performance cpu7_online=1 isolated=3,7 freq_cpu3_khz=3600000 thp=madvise
2026-06-29T06:03:54Z RUN-START PASS no_turbo=1 gov_cpu3=performance cpu7_online=1 isolated=3,7 freq_cpu3_khz=3600000 thp=madvise argv=[-v ./scripts:/probe:ro,Z -v ./src:/src:ro,Z -v ./data/corpus/sklearn/_predictor/closure:/unit/closure:ro,Z -v ./results/characterization/delta_probe:/out:Z localhost/motifbo-env:phase1 python /probe/corpus/delta_probe_pkg.py _predict_from_raw_data 25]
2026-06-29T06:14:02Z RUN-END rc=0 no_turbo=1 gov_cpu3=performance cpu7_online=1 isolated=3,7 freq_cpu3_khz=3600000 thp=madvise
2026-06-29T06:16:52Z RUN-START PASS no_turbo=1 gov_cpu3=performance cpu7_online=1 isolated=3,7 freq_cpu3_khz=3600000 thp=madvise argv=[-v ./scripts:/probe:ro,Z -v ./src:/src:ro,Z -v ./data/corpus/sklearn/_binning/closure:/unit/closure:ro,Z -v ./results/characterization/delta_probe:/out:Z -e PYTHONPATH=/src localhost/motifbo-env:phase1 python /probe/corpus/delta_probe_endpoint.py _map_to_bins 15 3]
2026-06-29T06:18:57Z RUN-END rc=1 no_turbo=1 gov_cpu3=performance cpu7_online=1 isolated=3,7 freq_cpu3_khz=3600000 thp=madvise
2026-06-29T06:21:55Z RUN-START PASS no_turbo=1 gov_cpu3=performance cpu7_online=1 isolated=3,7 freq_cpu3_khz=3600000 thp=madvise argv=[-v ./scripts:/probe:ro,Z -v ./src:/src:ro,Z -v ./data/corpus/sklearn/_binning/closure:/unit/closure:ro,Z -v ./results/characterization/delta_probe:/out:Z -e PYTHONPATH=/src localhost/motifbo-env:phase1 python /probe/corpus/delta_probe_endpoint.py _map_to_bins 15 3]
2026-06-29T06:33:24Z RUN-END rc=0 no_turbo=1 gov_cpu3=performance cpu7_online=1 isolated=3,7 freq_cpu3_khz=3600000 thp=madvise
2026-06-29T06:33:24Z RUN-START PASS no_turbo=1 gov_cpu3=performance cpu7_online=1 isolated=3,7 freq_cpu3_khz=3600000 thp=madvise argv=[-v ./scripts:/probe:ro,Z -v ./src:/src:ro,Z -v ./data/corpus/scipy/_shortest_path/closure:/unit/closure:ro,Z -v ./results/characterization/delta_probe:/out:Z -e PYTHONPATH=/src localhost/motifbo-env:phase1 python /probe/corpus/delta_probe_endpoint.py floyd_warshall 15 3]
2026-06-29T06:40:07Z RUN-END rc=0 no_turbo=1 gov_cpu3=performance cpu7_online=1 isolated=3,7 freq_cpu3_khz=3600000 thp=madvise
2026-06-29T06:40:07Z RUN-START PASS no_turbo=1 gov_cpu3=performance cpu7_online=1 isolated=3,7 freq_cpu3_khz=3600000 thp=madvise argv=[-v ./scripts:/probe:ro,Z -v ./src:/src:ro,Z -v ./data/corpus/sklearn/_predictor/closure:/unit/closure:ro,Z -v ./results/characterization/delta_probe:/out:Z -e PYTHONPATH=/src localhost/motifbo-env:phase1 python /probe/corpus/delta_probe_pkg.py _predict_from_raw_data 15 3]
2026-06-29T06:57:05Z RUN-END rc=0 no_turbo=1 gov_cpu3=performance cpu7_online=1 isolated=3,7 freq_cpu3_khz=3600000 thp=madvise
2026-06-29T06:57:20Z RUN-START PASS no_turbo=1 gov_cpu3=performance cpu7_online=1 isolated=3,7 freq_cpu3_khz=3600000 thp=madvise argv=[-v ./scripts:/probe:ro,Z -v ./src:/src:ro,Z -v ./data/corpus/sklearn/sparsefuncs_fast/closure:/unit/closure:ro,Z -v ./results/characterization/delta_probe:/out:Z -e PYTHONPATH=/src localhost/motifbo-env:phase1 python /probe/corpus/delta_probe_endpoint.py csr_mean_variance_axis0 15 3]
2026-06-29T07:07:39Z RUN-END rc=0 no_turbo=1 gov_cpu3=performance cpu7_online=1 isolated=3,7 freq_cpu3_khz=3600000 thp=madvise
2026-06-29T07:07:39Z RUN-START PASS no_turbo=1 gov_cpu3=performance cpu7_online=1 isolated=3,7 freq_cpu3_khz=3600000 thp=madvise argv=[-v ./scripts:/probe:ro,Z -v ./src:/src:ro,Z -v ./data/corpus/sklearn/_k_means_elkan/closure:/unit/closure:ro,Z -v ./results/characterization/delta_probe:/out:Z -e PYTHONPATH=/src localhost/motifbo-env:phase1 python /probe/corpus/delta_probe_pkg.py elkan_iter_chunked_dense 15 3]
2026-06-29T07:26:47Z RUN-END rc=0 no_turbo=1 gov_cpu3=performance cpu7_online=1 isolated=3,7 freq_cpu3_khz=3600000 thp=madvise
2026-06-29T18:54:11Z RUN-START PASS no_turbo=1 gov_cpu3=performance cpu7_online=1 isolated=3,7 freq_cpu3_khz=3600000 thp=madvise argv=[-v ./scripts:/probe:ro,Z -v ./src:/src:ro,Z -v ./data/corpus/sklearn/_online_lda_fast/closure:/unit/closure:ro,Z -v ./results/characterization/delta_probe:/out:Z -e PYTHONPATH=/src localhost/motifbo-env:phase1 python /probe/corpus/delta_probe_endpoint.py _dirichlet_expectation_2d 15 3]
2026-06-29T19:00:22Z RUN-END rc=0 no_turbo=1 gov_cpu3=performance cpu7_online=1 isolated=3,7 freq_cpu3_khz=3600000 thp=madvise
2026-06-29T19:00:22Z RUN-START PASS no_turbo=1 gov_cpu3=performance cpu7_online=1 isolated=3,7 freq_cpu3_khz=3600000 thp=madvise argv=[-v ./scripts:/probe:ro,Z -v ./src:/src:ro,Z -v ./data/corpus/scipy/_traversal/closure:/unit/closure:ro,Z -v ./results/characterization/delta_probe:/out:Z -e PYTHONPATH=/src localhost/motifbo-env:phase1 python /probe/corpus/delta_probe_endpoint.py connected_components 15 3]
2026-06-29T19:29:38Z RUN-END rc=0 no_turbo=1 gov_cpu3=performance cpu7_online=1 isolated=3,7 freq_cpu3_khz=3600000 thp=madvise
2026-06-29T19:29:38Z RUN-START PASS no_turbo=1 gov_cpu3=performance cpu7_online=1 isolated=3,7 freq_cpu3_khz=3600000 thp=madvise argv=[-v ./scripts:/probe:ro,Z -v ./src:/src:ro,Z -v ./data/corpus/sklearn/_isotonic/closure:/unit/closure:ro,Z -v ./results/characterization/delta_probe:/out:Z -e PYTHONPATH=/src localhost/motifbo-env:phase1 python /probe/corpus/delta_probe_endpoint.py _inplace_contiguous_isotonic_regression 15 3]
2026-06-29T19:33:17Z RUN-END rc=0 no_turbo=1 gov_cpu3=performance cpu7_online=1 isolated=3,7 freq_cpu3_khz=3600000 thp=madvise
2026-06-29T19:33:17Z RUN-START PASS no_turbo=1 gov_cpu3=performance cpu7_online=1 isolated=3,7 freq_cpu3_khz=3600000 thp=madvise argv=[-v ./scripts:/probe:ro,Z -v ./src:/src:ro,Z -v ./data/corpus/scipy/_ppoly/closure:/unit/closure:ro,Z -v ./results/characterization/delta_probe:/out:Z -e PYTHONPATH=/src localhost/motifbo-env:phase1 python /probe/corpus/delta_probe_endpoint.py ppoly_evaluate 15 3]
2026-06-29T19:43:33Z RUN-END rc=0 no_turbo=1 gov_cpu3=performance cpu7_online=1 isolated=3,7 freq_cpu3_khz=3600000 thp=madvise
2026-06-29T20:18:03Z RUN-START PASS no_turbo=1 gov_cpu3=performance cpu7_online=1 isolated=3,7 freq_cpu3_khz=3600000 thp=madvise argv=[-v ./scripts:/probe:ro,Z -v ./src:/src:ro,Z -v ./data/corpus/sklearn/sparsefuncs_fast/closure:/unit/closure:ro,Z -v ./results/characterization/separability:/out:Z -e PYTHONPATH=/src localhost/motifbo-env:phase1 python /probe/corpus/separability_factorial.py csr_mean_variance_axis0 15 3]
2026-06-29T20:24:23Z RUN-END rc=0 no_turbo=1 gov_cpu3=performance cpu7_online=1 isolated=3,7 freq_cpu3_khz=3600000 thp=madvise
2026-06-29T20:24:23Z RUN-START PASS no_turbo=1 gov_cpu3=performance cpu7_online=1 isolated=3,7 freq_cpu3_khz=3600000 thp=madvise argv=[-v ./scripts:/probe:ro,Z -v ./src:/src:ro,Z -v ./data/corpus/sklearn/_k_means_elkan/closure:/unit/closure:ro,Z -v ./results/characterization/separability:/out:Z -e PYTHONPATH=/src localhost/motifbo-env:phase1 python /probe/corpus/separability_factorial.py elkan_iter_chunked_dense 15 3]
2026-06-29T20:38:15Z RUN-END rc=0 no_turbo=1 gov_cpu3=performance cpu7_online=1 isolated=3,7 freq_cpu3_khz=3600000 thp=madvise
2026-07-09T08:01:40Z VERIFY-ONLY PASS no_turbo=1 gov_cpu3=performance cpu7_online=1 isolated=3,7 freq_cpu3_khz=3600000 thp=madvise
2026-07-09T08:04:21Z VERIFY-ONLY PASS no_turbo=1 gov_cpu3=performance cpu7_online=1 isolated=3,7 freq_cpu3_khz=3600000 thp=madvise
2026-07-09T08:06:08Z VERIFY-ONLY PASS no_turbo=1 gov_cpu3=performance cpu7_online=1 isolated=3,7 freq_cpu3_khz=3600000 thp=madvise
2026-07-09T09:07:32Z RUN-START PASS no_turbo=1 gov_cpu3=performance cpu7_online=1 isolated=3,7 freq_cpu3_khz=3600000 thp=madvise argv=[--security-opt label=disable -v /home/beimfedora/Documents/Motif+BO/scripts:/probe:ro -v /home/beimfedora/Documents/Motif+BO/results:/results:ro -v /home/beimfedora/Documents/Motif+BO/results/pilot:/work localhost/motifbo-env:phase1 python3 /probe/phasep/measure_phase.py /work/_kernels/pilot_ctrl_planted /work/pilot_ctrl_planted all --target-ms 65.0]
2026-07-09T09:43:27Z RUN-END rc=0 no_turbo=1 gov_cpu3=performance cpu7_online=1 isolated=3,7 freq_cpu3_khz=3600000 thp=madvise
2026-07-09T10:10:20Z RUN-START PASS no_turbo=1 gov_cpu3=performance cpu7_online=1 isolated=3,7 freq_cpu3_khz=3600000 thp=madvise argv=[--security-opt label=disable -v /home/beimfedora/Documents/Motif+BO/scripts:/probe:ro -v /home/beimfedora/Documents/Motif+BO/results:/results:ro -v /home/beimfedora/Documents/Motif+BO/results/pilot:/work localhost/motifbo-env:phase1 python3 /probe/phasep/measure_phase.py /work/_kernels/pilot_ctrl_flat /work/pilot_ctrl_flat all --target-ms 65.0]
2026-07-09T10:43:53Z RUN-END rc=0 no_turbo=1 gov_cpu3=performance cpu7_online=1 isolated=3,7 freq_cpu3_khz=3600000 thp=madvise
2026-07-09T19:01:41Z VERIFY-ONLY PASS no_turbo=1 gov_cpu3=performance cpu7_online=1 isolated=3,7 freq_cpu3_khz=3600000 thp=madvise
2026-07-10T22:14:19Z VERIFY-ONLY PASS no_turbo=1 gov_cpu3=performance cpu7_online=1 isolated=3,7 freq_cpu3_khz=3600000 thp=madvise
2026-07-11T08:37:35Z VERIFY-ONLY PASS no_turbo=1 gov_cpu3=performance cpu7_online=1 isolated=3,7 freq_cpu3_khz=3600000 thp=madvise
2026-07-11T09:02:16Z RUN-START PASS no_turbo=1 gov_cpu3=performance cpu7_online=1 isolated=3,7 freq_cpu3_khz=3600000 thp=madvise argv=[--security-opt label=disable -v /home/beimfedora/Documents/Motif+BO/scripts:/probe:ro -v /home/beimfedora/Documents/Motif+BO/results:/results:ro -v /home/beimfedora/Documents/Motif+BO/results/pilot:/work localhost/motifbo-env:phase1 python3 /probe/phasep/measure_phase.py /work/_kernels/pilot_ctrl_planted /work/pilot_ctrl_planted all --target-ms 65.0]
2026-07-11T09:25:27Z RUN-END rc=0 no_turbo=1 gov_cpu3=performance cpu7_online=1 isolated=3,7 freq_cpu3_khz=3600000 thp=madvise
2026-07-11T09:49:54Z RUN-START PASS no_turbo=1 gov_cpu3=performance cpu7_online=1 isolated=3,7 freq_cpu3_khz=3600000 thp=madvise argv=[--security-opt label=disable -v /home/beimfedora/Documents/Motif+BO/scripts:/probe:ro -v /home/beimfedora/Documents/Motif+BO/results:/results:ro -v /home/beimfedora/Documents/Motif+BO/results/pilot:/work localhost/motifbo-env:phase1 python3 /probe/phasep/measure_phase.py /work/_kernels/pilot_ctrl_flat /work/pilot_ctrl_flat all --target-ms 65.0]
2026-07-11T10:25:58Z RUN-END rc=0 no_turbo=1 gov_cpu3=performance cpu7_online=1 isolated=3,7 freq_cpu3_khz=3600000 thp=madvise
2026-07-11T10:50:38Z RUN-START PASS no_turbo=1 gov_cpu3=performance cpu7_online=1 isolated=3,7 freq_cpu3_khz=3600000 thp=madvise argv=[--security-opt label=disable -v /home/beimfedora/Documents/Motif+BO/scripts:/probe:ro -v /home/beimfedora/Documents/Motif+BO/results:/results:ro -v /home/beimfedora/Documents/Motif+BO/results/pilot:/work localhost/motifbo-env:phase1 python3 /probe/phasep/measure_phase.py /work/_kernels/pilot_ctrl_bcprobe /work/pilot_ctrl_bcprobe all --target-ms 65.0]
2026-07-11T11:29:42Z RUN-END rc=0 no_turbo=1 gov_cpu3=performance cpu7_online=1 isolated=3,7 freq_cpu3_khz=3600000 thp=madvise
2026-07-11T19:26:56Z VERIFY-ONLY PASS no_turbo=1 gov_cpu3=performance cpu7_online=1 isolated=3,7 freq_cpu3_khz=3600000 thp=madvise
2026-07-11T19:36:34Z VERIFY-ONLY PASS no_turbo=1 gov_cpu3=performance cpu7_online=1 isolated=3,7 freq_cpu3_khz=3600000 thp=madvise
2026-07-11T20:03:43Z RUN-START PASS no_turbo=1 gov_cpu3=performance cpu7_online=1 isolated=3,7 freq_cpu3_khz=3600000 thp=madvise argv=[--security-opt label=disable -v /home/beimfedora/Documents/Motif+BO/scripts:/probe:ro -v /home/beimfedora/Documents/Motif+BO/results:/results:ro -v /home/beimfedora/Documents/Motif+BO/results/pilot:/work localhost/motifbo-env:phase1 python3 /probe/phasep/measure_phase.py /work/_kernels/pilot_ctrl_flat /work/pilot_ctrl_flat all --target-ms 65.0]
2026-07-11T21:00:03Z RUN-END rc=0 no_turbo=1 gov_cpu3=performance cpu7_online=1 isolated=3,7 freq_cpu3_khz=3600000 thp=madvise
2026-07-12T01:35:45Z RUN-START PASS no_turbo=1 gov_cpu3=performance cpu7_online=1 isolated=3,7 freq_cpu3_khz=3600000 thp=madvise argv=[--security-opt label=disable -v /home/beimfedora/Documents/Motif+BO/scripts:/probe:ro -v /home/beimfedora/Documents/Motif+BO/results:/results:ro -v /home/beimfedora/Documents/Motif+BO/results/pilot:/work localhost/motifbo-env:phase1 python3 /probe/phasep/measure_phase.py /work/_kernels/pilot_A_01 /work/pilot_A_01 all --target-ms 65.0]
2026-07-12T02:10:47Z RUN-END rc=0 no_turbo=1 gov_cpu3=performance cpu7_online=1 isolated=3,7 freq_cpu3_khz=3600000 thp=madvise
2026-07-12T02:35:41Z RUN-START PASS no_turbo=1 gov_cpu3=performance cpu7_online=1 isolated=3,7 freq_cpu3_khz=3600000 thp=madvise argv=[--security-opt label=disable -v /home/beimfedora/Documents/Motif+BO/scripts:/probe:ro -v /home/beimfedora/Documents/Motif+BO/results:/results:ro -v /home/beimfedora/Documents/Motif+BO/results/pilot:/work localhost/motifbo-env:phase1 python3 /probe/phasep/measure_phase.py /work/_kernels/pilot_A_02 /work/pilot_A_02 all --target-ms 65.0]
2026-07-12T03:10:15Z RUN-END rc=0 no_turbo=1 gov_cpu3=performance cpu7_online=1 isolated=3,7 freq_cpu3_khz=3600000 thp=madvise
2026-07-12T03:35:11Z RUN-START PASS no_turbo=1 gov_cpu3=performance cpu7_online=1 isolated=3,7 freq_cpu3_khz=3600000 thp=madvise argv=[--security-opt label=disable -v /home/beimfedora/Documents/Motif+BO/scripts:/probe:ro -v /home/beimfedora/Documents/Motif+BO/results:/results:ro -v /home/beimfedora/Documents/Motif+BO/results/pilot:/work localhost/motifbo-env:phase1 python3 /probe/phasep/measure_phase.py /work/_kernels/pilot_A_03 /work/pilot_A_03 all --target-ms 65.0]
2026-07-12T04:10:17Z RUN-END rc=0 no_turbo=1 gov_cpu3=performance cpu7_online=1 isolated=3,7 freq_cpu3_khz=3600000 thp=madvise
2026-07-12T04:35:13Z RUN-START PASS no_turbo=1 gov_cpu3=performance cpu7_online=1 isolated=3,7 freq_cpu3_khz=3600000 thp=madvise argv=[--security-opt label=disable -v /home/beimfedora/Documents/Motif+BO/scripts:/probe:ro -v /home/beimfedora/Documents/Motif+BO/results:/results:ro -v /home/beimfedora/Documents/Motif+BO/results/pilot:/work localhost/motifbo-env:phase1 python3 /probe/phasep/measure_phase.py /work/_kernels/pilot_A_04 /work/pilot_A_04 all --target-ms 65.0]
2026-07-12T05:10:06Z RUN-END rc=0 no_turbo=1 gov_cpu3=performance cpu7_online=1 isolated=3,7 freq_cpu3_khz=3600000 thp=madvise
2026-07-12T05:35:00Z RUN-START PASS no_turbo=1 gov_cpu3=performance cpu7_online=1 isolated=3,7 freq_cpu3_khz=3600000 thp=madvise argv=[--security-opt label=disable -v /home/beimfedora/Documents/Motif+BO/scripts:/probe:ro -v /home/beimfedora/Documents/Motif+BO/results:/results:ro -v /home/beimfedora/Documents/Motif+BO/results/pilot:/work localhost/motifbo-env:phase1 python3 /probe/phasep/measure_phase.py /work/_kernels/pilot_A_05 /work/pilot_A_05 all --target-ms 65.0]
2026-07-12T06:10:35Z RUN-END rc=0 no_turbo=1 gov_cpu3=performance cpu7_online=1 isolated=3,7 freq_cpu3_khz=3600000 thp=madvise
2026-07-12T06:35:28Z RUN-START PASS no_turbo=1 gov_cpu3=performance cpu7_online=1 isolated=3,7 freq_cpu3_khz=3600000 thp=madvise argv=[--security-opt label=disable -v /home/beimfedora/Documents/Motif+BO/scripts:/probe:ro -v /home/beimfedora/Documents/Motif+BO/results:/results:ro -v /home/beimfedora/Documents/Motif+BO/results/pilot:/work localhost/motifbo-env:phase1 python3 /probe/phasep/measure_phase.py /work/_kernels/pilot_B_01 /work/pilot_B_01 all --target-ms 65.0]
2026-07-12T07:14:32Z RUN-END rc=0 no_turbo=1 gov_cpu3=performance cpu7_online=1 isolated=3,7 freq_cpu3_khz=3600000 thp=madvise
2026-07-12T07:39:25Z RUN-START PASS no_turbo=1 gov_cpu3=performance cpu7_online=1 isolated=3,7 freq_cpu3_khz=3600000 thp=madvise argv=[--security-opt label=disable -v /home/beimfedora/Documents/Motif+BO/scripts:/probe:ro -v /home/beimfedora/Documents/Motif+BO/results:/results:ro -v /home/beimfedora/Documents/Motif+BO/results/pilot:/work localhost/motifbo-env:phase1 python3 /probe/phasep/measure_phase.py /work/_kernels/pilot_B_02 /work/pilot_B_02 all --target-ms 65.0]
2026-07-12T08:18:33Z RUN-END rc=0 no_turbo=1 gov_cpu3=performance cpu7_online=1 isolated=3,7 freq_cpu3_khz=3600000 thp=madvise
2026-07-12T08:44:21Z RUN-START PASS no_turbo=1 gov_cpu3=performance cpu7_online=1 isolated=3,7 freq_cpu3_khz=3600000 thp=madvise argv=[--security-opt label=disable -v /home/beimfedora/Documents/Motif+BO/scripts:/probe:ro -v /home/beimfedora/Documents/Motif+BO/results:/results:ro -v /home/beimfedora/Documents/Motif+BO/results/pilot:/work localhost/motifbo-env:phase1 python3 /probe/phasep/measure_phase.py /work/_kernels/pilot_B_03 /work/pilot_B_03 all --target-ms 65.0]
2026-07-12T09:23:34Z RUN-END rc=0 no_turbo=1 gov_cpu3=performance cpu7_online=1 isolated=3,7 freq_cpu3_khz=3600000 thp=madvise
2026-07-12T09:48:47Z RUN-START PASS no_turbo=1 gov_cpu3=performance cpu7_online=1 isolated=3,7 freq_cpu3_khz=3600000 thp=madvise argv=[--security-opt label=disable -v /home/beimfedora/Documents/Motif+BO/scripts:/probe:ro -v /home/beimfedora/Documents/Motif+BO/results:/results:ro -v /home/beimfedora/Documents/Motif+BO/results/pilot:/work localhost/motifbo-env:phase1 python3 /probe/phasep/measure_phase.py /work/_kernels/pilot_B_04 /work/pilot_B_04 all --target-ms 65.0]
2026-07-12T10:28:13Z RUN-END rc=0 no_turbo=1 gov_cpu3=performance cpu7_online=1 isolated=3,7 freq_cpu3_khz=3600000 thp=madvise
2026-07-12T10:53:23Z RUN-START PASS no_turbo=1 gov_cpu3=performance cpu7_online=1 isolated=3,7 freq_cpu3_khz=3600000 thp=madvise argv=[--security-opt label=disable -v /home/beimfedora/Documents/Motif+BO/scripts:/probe:ro -v /home/beimfedora/Documents/Motif+BO/results:/results:ro -v /home/beimfedora/Documents/Motif+BO/results/pilot:/work localhost/motifbo-env:phase1 python3 /probe/phasep/measure_phase.py /work/_kernels/pilot_B_05 /work/pilot_B_05 all --target-ms 65.0]
2026-07-13T01:17:39Z VERIFY-ONLY PASS no_turbo=1 gov_cpu3=performance cpu7_online=1 isolated=3,7 freq_cpu3_khz=3600000 thp=madvise
2026-07-13T05:52:11Z VERIFY-ONLY PASS no_turbo=1 gov_cpu3=performance cpu7_online=1 isolated=3,7 freq_cpu3_khz=3600000 thp=madvise
2026-07-13T06:20:07Z RUN-START PASS no_turbo=1 gov_cpu3=performance cpu7_online=1 isolated=3,7 freq_cpu3_khz=3600000 thp=madvise argv=[--security-opt label=disable -v /home/beimfedora/Documents/Motif+BO/scripts:/probe:ro -v /home/beimfedora/Documents/Motif+BO/results:/results:ro -v /home/beimfedora/Documents/Motif+BO/results/pilot:/work localhost/motifbo-env:phase1 python3 /probe/phasep/measure_phase.py /work/_kernels/pilot_B_05 /work/pilot_B_05 all --target-ms 65.0]
2026-07-13T07:00:46Z RUN-END rc=0 no_turbo=1 gov_cpu3=performance cpu7_online=1 isolated=3,7 freq_cpu3_khz=3600000 thp=madvise
2026-07-13T07:27:35Z RUN-START PASS no_turbo=1 gov_cpu3=performance cpu7_online=1 isolated=3,7 freq_cpu3_khz=3600000 thp=madvise argv=[--security-opt label=disable -v /home/beimfedora/Documents/Motif+BO/scripts:/probe:ro -v /home/beimfedora/Documents/Motif+BO/results:/results:ro -v /home/beimfedora/Documents/Motif+BO/results/pilot:/work localhost/motifbo-env:phase1 python3 /probe/phasep/measure_phase.py /work/_kernels/pilot_C_01 /work/pilot_C_01 all --target-ms 65.0]
2026-07-13T07:58:28Z RUN-END rc=0 no_turbo=1 gov_cpu3=performance cpu7_online=1 isolated=3,7 freq_cpu3_khz=3600000 thp=madvise
2026-07-13T08:25:14Z RUN-START PASS no_turbo=1 gov_cpu3=performance cpu7_online=1 isolated=3,7 freq_cpu3_khz=3600000 thp=madvise argv=[--security-opt label=disable -v /home/beimfedora/Documents/Motif+BO/scripts:/probe:ro -v /home/beimfedora/Documents/Motif+BO/results:/results:ro -v /home/beimfedora/Documents/Motif+BO/results/pilot:/work localhost/motifbo-env:phase1 python3 /probe/phasep/measure_phase.py /work/_kernels/pilot_C_02 /work/pilot_C_02 all --target-ms 65.0]
2026-07-13T08:56:08Z RUN-END rc=0 no_turbo=1 gov_cpu3=performance cpu7_online=1 isolated=3,7 freq_cpu3_khz=3600000 thp=madvise
2026-07-13T09:22:59Z RUN-START PASS no_turbo=1 gov_cpu3=performance cpu7_online=1 isolated=3,7 freq_cpu3_khz=3600000 thp=madvise argv=[--security-opt label=disable -v /home/beimfedora/Documents/Motif+BO/scripts:/probe:ro -v /home/beimfedora/Documents/Motif+BO/results:/results:ro -v /home/beimfedora/Documents/Motif+BO/results/pilot:/work localhost/motifbo-env:phase1 python3 /probe/phasep/measure_phase.py /work/_kernels/pilot_C_03 /work/pilot_C_03 all --target-ms 65.0]
2026-07-13T09:53:54Z RUN-END rc=0 no_turbo=1 gov_cpu3=performance cpu7_online=1 isolated=3,7 freq_cpu3_khz=3600000 thp=madvise
2026-07-13T10:20:50Z RUN-START PASS no_turbo=1 gov_cpu3=performance cpu7_online=1 isolated=3,7 freq_cpu3_khz=3600000 thp=madvise argv=[--security-opt label=disable -v /home/beimfedora/Documents/Motif+BO/scripts:/probe:ro -v /home/beimfedora/Documents/Motif+BO/results:/results:ro -v /home/beimfedora/Documents/Motif+BO/results/pilot:/work localhost/motifbo-env:phase1 python3 /probe/phasep/measure_phase.py /work/_kernels/pilot_C_04 /work/pilot_C_04 all --target-ms 65.0]
2026-07-13T22:59:13Z VERIFY-ONLY PASS no_turbo=1 gov_cpu3=performance cpu7_online=1 isolated=3,7 freq_cpu3_khz=3600000 thp=madvise
2026-07-13T23:06:48Z VERIFY-ONLY PASS no_turbo=1 gov_cpu3=performance cpu7_online=1 isolated=3,7 freq_cpu3_khz=3600000 thp=madvise
2026-07-13T23:07:50Z RUN-START PASS no_turbo=1 gov_cpu3=performance cpu7_online=1 isolated=3,7 freq_cpu3_khz=3600000 thp=madvise argv=[--security-opt label=disable -v /home/beimfedora/Documents/Motif+BO/scripts:/probe:ro -v /home/beimfedora/Documents/Motif+BO/results:/results:ro -v /home/beimfedora/Documents/Motif+BO/results/pilot:/work localhost/motifbo-env:phase1 python3 /probe/phasep/measure_phase.py /work/_kernels/pilot_C_04 /work/pilot_C_04 all --target-ms 65.0]
2026-07-13T23:38:45Z RUN-END rc=0 no_turbo=1 gov_cpu3=performance cpu7_online=1 isolated=3,7 freq_cpu3_khz=3600000 thp=madvise
2026-07-14T00:04:59Z RUN-START PASS no_turbo=1 gov_cpu3=performance cpu7_online=1 isolated=3,7 freq_cpu3_khz=3600000 thp=madvise argv=[--security-opt label=disable -v /home/beimfedora/Documents/Motif+BO/scripts:/probe:ro -v /home/beimfedora/Documents/Motif+BO/results:/results:ro -v /home/beimfedora/Documents/Motif+BO/results/pilot:/work localhost/motifbo-env:phase1 python3 /probe/phasep/measure_phase.py /work/_kernels/pilot_C_05 /work/pilot_C_05 all --target-ms 65.0]
2026-07-14T00:35:37Z RUN-END rc=0 no_turbo=1 gov_cpu3=performance cpu7_online=1 isolated=3,7 freq_cpu3_khz=3600000 thp=madvise
2026-07-14T02:40:41Z RUN-START PASS no_turbo=1 gov_cpu3=performance cpu7_online=1 isolated=3,7 freq_cpu3_khz=3600000 thp=madvise argv=[--security-opt label=disable -v /home/beimfedora/Documents/Motif+BO/scripts:/probe:ro -v /home/beimfedora/Documents/Motif+BO/results:/results:ro -v /home/beimfedora/Documents/Motif+BO/results/pilot:/work localhost/motifbo-env:phase1 python3 /probe/phasep/measure_phase.py /work/_kernels/pilot_R_01_csr /work/pilot_R_01_csr all --target-ms 65.0]
2026-07-14T04:55:44Z RUN-END rc=0 no_turbo=1 gov_cpu3=performance cpu7_online=1 isolated=3,7 freq_cpu3_khz=3600000 thp=madvise
2026-07-14T05:34:45Z RUN-START PASS no_turbo=1 gov_cpu3=performance cpu7_online=1 isolated=3,7 freq_cpu3_khz=3600000 thp=madvise argv=[--security-opt label=disable -v /home/beimfedora/Documents/Motif+BO/scripts:/probe:ro -v /home/beimfedora/Documents/Motif+BO/results:/results:ro -v /home/beimfedora/Documents/Motif+BO/results/pilot:/work localhost/motifbo-env:phase1 python3 /probe/phasep/measure_phase.py /work/_kernels/pilot_R_02_pava /work/pilot_R_02_pava all --target-ms 65.0]
2026-07-14T07:20:08Z RUN-END rc=0 no_turbo=1 gov_cpu3=performance cpu7_online=1 isolated=3,7 freq_cpu3_khz=3600000 thp=madvise
2026-07-14T22:24:28Z VERIFY-ONLY PASS no_turbo=1 gov_cpu3=performance cpu7_online=1 isolated=3,7 freq_cpu3_khz=3600000 thp=madvise
2026-07-15T18:42:22Z VERIFY-ONLY PASS no_turbo=1 gov_cpu3=performance cpu7_online=1 isolated=3,7 freq_cpu3_khz=3600000 thp=madvise
2026-07-15T18:58:18Z VERIFY-ONLY PASS no_turbo=1 gov_cpu3=performance cpu7_online=1 isolated=3,7 freq_cpu3_khz=3600000 thp=madvise
2026-07-15T18:58:43Z RUN-START PASS no_turbo=1 gov_cpu3=performance cpu7_online=1 isolated=3,7 freq_cpu3_khz=3600000 thp=madvise argv=[--security-opt label=disable -v /home/beimfedora/Documents/Motif+BO/scripts:/probe:ro -v /home/beimfedora/Documents/Motif+BO/results:/results:ro -v /home/beimfedora/Documents/Motif+BO/results/probes/int:/work localhost/motifbo-env:phase1 python3 /probe/phasep/measure_phase.py /work/_kernels/probe_P1_sum64_bc_x_opt /work/probe_P1_sum64_bc_x_opt ids:288,594,597,603,606,630,633,639,642,1458,1461,1467,1470,1494,1497,1503,1506 --target-ms 65.0]
2026-07-15T18:59:02Z RUN-END rc=0 no_turbo=1 gov_cpu3=performance cpu7_online=1 isolated=3,7 freq_cpu3_khz=3600000 thp=madvise
2026-07-15T19:00:58Z VERIFY-ONLY PASS no_turbo=1 gov_cpu3=performance cpu7_online=1 isolated=3,7 freq_cpu3_khz=3600000 thp=madvise
2026-07-15T19:01:24Z RUN-START PASS no_turbo=1 gov_cpu3=performance cpu7_online=1 isolated=3,7 freq_cpu3_khz=3600000 thp=madvise argv=[--security-opt label=disable -v /home/beimfedora/Documents/Motif+BO/scripts:/probe:ro -v /home/beimfedora/Documents/Motif+BO/results:/results:ro -v /home/beimfedora/Documents/Motif+BO/results/probes/int:/work localhost/motifbo-env:phase1 python3 /probe/phasep/measure_phase.py /work/_kernels/probe_P2_min32_bc_x_opt /work/probe_P2_min32_bc_x_opt ids:288,594,597,603,606,630,633,639,642,1458,1461,1467,1470,1494,1497,1503,1506 --target-ms 65.0]
2026-07-15T19:01:41Z RUN-END rc=0 no_turbo=1 gov_cpu3=performance cpu7_online=1 isolated=3,7 freq_cpu3_khz=3600000 thp=madvise
2026-07-15T19:02:05Z RUN-START PASS no_turbo=1 gov_cpu3=performance cpu7_online=1 isolated=3,7 freq_cpu3_khz=3600000 thp=madvise argv=[--security-opt label=disable -v /home/beimfedora/Documents/Motif+BO/scripts:/probe:ro -v /home/beimfedora/Documents/Motif+BO/results:/results:ro -v /home/beimfedora/Documents/Motif+BO/results/probes/int:/work localhost/motifbo-env:phase1 python3 /probe/phasep/measure_phase.py /work/_kernels/probe_P3_mod64_cdiv_x_opt /work/probe_P3_mod64_cdiv_x_opt ids:288,1458,1461,1467,1470,1494,1497,1503,1506,1674,1677,1683,1686,1710,1713,1719,1722 --target-ms 65.0]
2026-07-15T19:02:34Z RUN-END rc=0 no_turbo=1 gov_cpu3=performance cpu7_online=1 isolated=3,7 freq_cpu3_khz=3600000 thp=madvise
2026-07-15T19:02:58Z RUN-START PASS no_turbo=1 gov_cpu3=performance cpu7_online=1 isolated=3,7 freq_cpu3_khz=3600000 thp=madvise argv=[--security-opt label=disable -v /home/beimfedora/Documents/Motif+BO/scripts:/probe:ro -v /home/beimfedora/Documents/Motif+BO/results:/results:ro -v /home/beimfedora/Documents/Motif+BO/results/probes/int:/work localhost/motifbo-env:phase1 python3 /probe/phasep/measure_phase.py /work/_kernels/probe_P4_rev64_wrap_x_opt /work/probe_P4_rev64_wrap_x_opt ids:288,1026,1029,1035,1038,1062,1065,1071,1074,1458,1461,1467,1470,1494,1497,1503,1506 --target-ms 65.0]
2026-07-15T19:03:15Z RUN-END rc=0 no_turbo=1 gov_cpu3=performance cpu7_online=1 isolated=3,7 freq_cpu3_khz=3600000 thp=madvise
2026-07-16T01:21:53Z VERIFY-ONLY PASS no_turbo=1 gov_cpu3=performance cpu7_online=1 isolated=3,7 freq_cpu3_khz=3600000 thp=madvise
2026-07-16T11:36:00Z VERIFY-ONLY PASS no_turbo=1 gov_cpu3=performance cpu7_online=1 isolated=3,7 freq_cpu3_khz=3600000 thp=madvise
2026-07-16T11:53:23Z VERIFY-ONLY PASS no_turbo=1 gov_cpu3=performance cpu7_online=1 isolated=3,7 freq_cpu3_khz=3600000 thp=madvise
2026-07-16T11:58:36Z VERIFY-ONLY PASS no_turbo=1 gov_cpu3=performance cpu7_online=1 isolated=3,7 freq_cpu3_khz=3600000 thp=madvise
2026-07-16T11:58:52Z VERIFY-ONLY PASS no_turbo=1 gov_cpu3=performance cpu7_online=1 isolated=3,7 freq_cpu3_khz=3600000 thp=madvise
2026-07-16T12:10:02Z VERIFY-ONLY PASS no_turbo=1 gov_cpu3=performance cpu7_online=1 isolated=3,7 freq_cpu3_khz=3600000 thp=madvise
2026-07-16T12:10:14Z VERIFY-ONLY PASS no_turbo=1 gov_cpu3=performance cpu7_online=1 isolated=3,7 freq_cpu3_khz=3600000 thp=madvise
2026-07-16T16:16:40Z VERIFY-ONLY PASS no_turbo=1 gov_cpu3=performance cpu7_online=1 isolated=3,7 freq_cpu3_khz=3600000 thp=madvise
2026-07-16T16:36:36Z VERIFY-ONLY PASS no_turbo=1 gov_cpu3=performance cpu7_online=1 isolated=3,7 freq_cpu3_khz=3600000 thp=madvise
2026-07-16T16:37:00Z VERIFY-ONLY PASS no_turbo=1 gov_cpu3=performance cpu7_online=1 isolated=3,7 freq_cpu3_khz=3600000 thp=madvise
2026-07-16T17:03:13Z RUN-START PASS no_turbo=1 gov_cpu3=performance cpu7_online=1 isolated=3,7 freq_cpu3_khz=3600000 thp=madvise argv=[--security-opt label=disable -v /home/beimfedora/Documents/Motif+BO/scripts:/probe:ro -v /home/beimfedora/Documents/Motif+BO/results:/results:ro -v /home/beimfedora/Documents/Motif+BO/results/fleet/controls:/work localhost/motifbo-env:phase1 python3 /probe/phasep/measure_phase.py /work/_kernels/pilot_ctrl_planted /work/pilot_ctrl_planted all --target-ms 65.0]
2026-07-16T17:26:41Z RUN-END rc=0 no_turbo=1 gov_cpu3=performance cpu7_online=1 isolated=3,7 freq_cpu3_khz=3600000 thp=madvise
2026-07-16T17:53:18Z RUN-START PASS no_turbo=1 gov_cpu3=performance cpu7_online=1 isolated=3,7 freq_cpu3_khz=3600000 thp=madvise argv=[--security-opt label=disable -v /home/beimfedora/Documents/Motif+BO/scripts:/probe:ro -v /home/beimfedora/Documents/Motif+BO/results:/results:ro -v /home/beimfedora/Documents/Motif+BO/results/fleet/controls:/work localhost/motifbo-env:phase1 python3 /probe/phasep/measure_phase.py /work/_kernels/pilot_ctrl_flat /work/pilot_ctrl_flat all --target-ms 65.0]
2026-07-16T19:12:38Z RUN-END rc=0 no_turbo=1 gov_cpu3=performance cpu7_online=1 isolated=3,7 freq_cpu3_khz=3600000 thp=madvise
2026-07-16T19:39:40Z RUN-START PASS no_turbo=1 gov_cpu3=performance cpu7_online=1 isolated=3,7 freq_cpu3_khz=3600000 thp=madvise argv=[--security-opt label=disable -v /home/beimfedora/Documents/Motif+BO/scripts:/probe:ro -v /home/beimfedora/Documents/Motif+BO/results:/results:ro -v /home/beimfedora/Documents/Motif+BO/results/fleet/controls:/work localhost/motifbo-env:phase1 python3 /probe/phasep/measure_phase.py /work/_kernels/pilot_ctrl_bcprobe /work/pilot_ctrl_bcprobe all --target-ms 65.0]
2026-07-16T20:18:31Z RUN-END rc=0 no_turbo=1 gov_cpu3=performance cpu7_online=1 isolated=3,7 freq_cpu3_khz=3600000 thp=madvise
2026-07-16T22:48:41Z VERIFY-ONLY PASS no_turbo=1 gov_cpu3=performance cpu7_online=1 isolated=3,7 freq_cpu3_khz=3600000 thp=madvise
2026-07-16T22:49:59Z VERIFY-ONLY PASS no_turbo=1 gov_cpu3=performance cpu7_online=1 isolated=3,7 freq_cpu3_khz=3600000 thp=madvise
2026-07-16T23:16:15Z RUN-START PASS no_turbo=1 gov_cpu3=performance cpu7_online=1 isolated=3,7 freq_cpu3_khz=3600000 thp=madvise argv=[--security-opt label=disable -v /home/beimfedora/Documents/Motif+BO/scripts:/probe:ro -v /home/beimfedora/Documents/Motif+BO/results:/results:ro -v /home/beimfedora/Documents/Motif+BO/results/fleet:/work localhost/motifbo-env:phase1 python3 /probe/phasep/measure_phase.py /work/_kernels/fleet_FLAT_FM_06_fm_sum /work/fleet_FLAT_FM_06_fm_sum all --target-ms 65.0]
2026-07-16T23:42:29Z RUN-END rc=1 no_turbo=1 gov_cpu3=performance cpu7_online=1 isolated=3,7 freq_cpu3_khz=3600000 thp=madvise
2026-07-16T23:56:28Z VERIFY-ONLY PASS no_turbo=1 gov_cpu3=performance cpu7_online=1 isolated=3,7 freq_cpu3_khz=3600000 thp=madvise
2026-07-16T23:56:28Z RUN-START PASS no_turbo=1 gov_cpu3=performance cpu7_online=1 isolated=3,7 freq_cpu3_khz=3600000 thp=madvise argv=[--security-opt label=disable -v /home/beimfedora/Documents/Motif+BO/scripts:/probe:ro -v /home/beimfedora/Documents/Motif+BO/results:/results:ro -v /home/beimfedora/Documents/Motif+BO/results/fleet:/work localhost/motifbo-env:phase1 python3 /probe/phasep/measure_phase.py /work/_kernels/fleet_FLAT_FM_06_fm_sum /work/fleet_FLAT_FM_06_fm_sum all --target-ms 65.0]
2026-07-17T00:22:46Z RUN-END rc=0 no_turbo=1 gov_cpu3=performance cpu7_online=1 isolated=3,7 freq_cpu3_khz=3600000 thp=madvise
2026-07-17T00:51:42Z RUN-START PASS no_turbo=1 gov_cpu3=performance cpu7_online=1 isolated=3,7 freq_cpu3_khz=3600000 thp=madvise argv=[--security-opt label=disable -v /home/beimfedora/Documents/Motif+BO/scripts:/probe:ro -v /home/beimfedora/Documents/Motif+BO/results:/results:ro -v /home/beimfedora/Documents/Motif+BO/results/fleet:/work localhost/motifbo-env:phase1 python3 /probe/phasep/measure_phase.py /work/_kernels/fleet_FLAT_FM_07_fm_dot /work/fleet_FLAT_FM_07_fm_dot all --target-ms 65.0]
2026-07-17T01:42:13Z VERIFY-ONLY PASS no_turbo=1 gov_cpu3=performance cpu7_online=1 isolated=3,7 freq_cpu3_khz=3600000 thp=madvise
2026-07-17T03:15:52Z VERIFY-ONLY PASS no_turbo=1 gov_cpu3=performance cpu7_online=1 isolated=3,7 freq_cpu3_khz=3600000 thp=madvise
2026-07-17T03:16:08Z VERIFY-ONLY PASS no_turbo=1 gov_cpu3=performance cpu7_online=1 isolated=3,7 freq_cpu3_khz=3600000 thp=madvise
2026-07-17T03:16:09Z RUN-START PASS no_turbo=1 gov_cpu3=performance cpu7_online=1 isolated=3,7 freq_cpu3_khz=3600000 thp=madvise argv=[--security-opt label=disable -v /home/beimfedora/Documents/Motif+BO/scripts:/probe:ro -v /home/beimfedora/Documents/Motif+BO/results:/results:ro -v /home/beimfedora/Documents/Motif+BO/results/fleet:/work localhost/motifbo-env:phase1 python3 /probe/phasep/measure_phase.py /work/_kernels/fleet_FLAT_FM_07_fm_dot /work/fleet_FLAT_FM_07_fm_dot all --target-ms 65.0]
2026-07-17T03:51:34Z RUN-END rc=0 no_turbo=1 gov_cpu3=performance cpu7_online=1 isolated=3,7 freq_cpu3_khz=3600000 thp=madvise
2026-07-17T04:16:17Z RUN-START PASS no_turbo=1 gov_cpu3=performance cpu7_online=1 isolated=3,7 freq_cpu3_khz=3600000 thp=madvise argv=[--security-opt label=disable -v /home/beimfedora/Documents/Motif+BO/scripts:/probe:ro -v /home/beimfedora/Documents/Motif+BO/results:/results:ro -v /home/beimfedora/Documents/Motif+BO/results/fleet:/work localhost/motifbo-env:phase1 python3 /probe/phasep/measure_phase.py /work/_kernels/fleet_FLAT_FM_08_fm_sumsq /work/fleet_FLAT_FM_08_fm_sumsq all --target-ms 65.0]
2026-07-17T04:42:36Z RUN-END rc=0 no_turbo=1 gov_cpu3=performance cpu7_online=1 isolated=3,7 freq_cpu3_khz=3600000 thp=madvise
2026-07-17T05:07:24Z RUN-START PASS no_turbo=1 gov_cpu3=performance cpu7_online=1 isolated=3,7 freq_cpu3_khz=3600000 thp=madvise argv=[--security-opt label=disable -v /home/beimfedora/Documents/Motif+BO/scripts:/probe:ro -v /home/beimfedora/Documents/Motif+BO/results:/results:ro -v /home/beimfedora/Documents/Motif+BO/results/fleet:/work localhost/motifbo-env:phase1 python3 /probe/phasep/measure_phase.py /work/_kernels/fleet_FLAT_FM_09_fm_abssum /work/fleet_FLAT_FM_09_fm_abssum all --target-ms 65.0]
2026-07-17T05:32:24Z RUN-END rc=0 no_turbo=1 gov_cpu3=performance cpu7_online=1 isolated=3,7 freq_cpu3_khz=3600000 thp=madvise
2026-07-17T05:57:16Z RUN-START PASS no_turbo=1 gov_cpu3=performance cpu7_online=1 isolated=3,7 freq_cpu3_khz=3600000 thp=madvise argv=[--security-opt label=disable -v /home/beimfedora/Documents/Motif+BO/scripts:/probe:ro -v /home/beimfedora/Documents/Motif+BO/results:/results:ro -v /home/beimfedora/Documents/Motif+BO/results/fleet:/work localhost/motifbo-env:phase1 python3 /probe/phasep/measure_phase.py /work/_kernels/fleet_FLAT_FM_10_fm_altsum /work/fleet_FLAT_FM_10_fm_altsum all --target-ms 65.0]
2026-07-17T06:25:38Z RUN-END rc=0 no_turbo=1 gov_cpu3=performance cpu7_online=1 isolated=3,7 freq_cpu3_khz=3600000 thp=madvise
2026-07-17T06:50:21Z RUN-START PASS no_turbo=1 gov_cpu3=performance cpu7_online=1 isolated=3,7 freq_cpu3_khz=3600000 thp=madvise argv=[--security-opt label=disable -v /home/beimfedora/Documents/Motif+BO/scripts:/probe:ro -v /home/beimfedora/Documents/Motif+BO/results:/results:ro -v /home/beimfedora/Documents/Motif+BO/results/fleet:/work localhost/motifbo-env:phase1 python3 /probe/phasep/measure_phase.py /work/_kernels/fleet_FLAT_FM_11_fm_runmean /work/fleet_FLAT_FM_11_fm_runmean all --target-ms 65.0]
2026-07-17T07:25:13Z RUN-END rc=0 no_turbo=1 gov_cpu3=performance cpu7_online=1 isolated=3,7 freq_cpu3_khz=3600000 thp=madvise
2026-07-17T07:50:01Z RUN-START PASS no_turbo=1 gov_cpu3=performance cpu7_online=1 isolated=3,7 freq_cpu3_khz=3600000 thp=madvise argv=[--security-opt label=disable -v /home/beimfedora/Documents/Motif+BO/scripts:/probe:ro -v /home/beimfedora/Documents/Motif+BO/results:/results:ro -v /home/beimfedora/Documents/Motif+BO/results/fleet:/work localhost/motifbo-env:phase1 python3 /probe/phasep/measure_phase.py /work/_kernels/fleet_FLAT_FM_12_fm_sum /work/fleet_FLAT_FM_12_fm_sum all --target-ms 65.0]
2026-07-17T08:16:07Z RUN-END rc=0 no_turbo=1 gov_cpu3=performance cpu7_online=1 isolated=3,7 freq_cpu3_khz=3600000 thp=madvise
2026-07-17T08:40:57Z RUN-START PASS no_turbo=1 gov_cpu3=performance cpu7_online=1 isolated=3,7 freq_cpu3_khz=3600000 thp=madvise argv=[--security-opt label=disable -v /home/beimfedora/Documents/Motif+BO/scripts:/probe:ro -v /home/beimfedora/Documents/Motif+BO/results:/results:ro -v /home/beimfedora/Documents/Motif+BO/results/fleet:/work localhost/motifbo-env:phase1 python3 /probe/phasep/measure_phase.py /work/_kernels/fleet_FLAT_FM_12_fm_sum_r1 /work/fleet_FLAT_FM_12_fm_sum_r1 all --target-ms 65.0]
2026-07-17T09:12:48Z RUN-END rc=0 no_turbo=1 gov_cpu3=performance cpu7_online=1 isolated=3,7 freq_cpu3_khz=3600000 thp=madvise
2026-07-17T09:37:37Z RUN-START PASS no_turbo=1 gov_cpu3=performance cpu7_online=1 isolated=3,7 freq_cpu3_khz=3600000 thp=madvise argv=[--security-opt label=disable -v /home/beimfedora/Documents/Motif+BO/scripts:/probe:ro -v /home/beimfedora/Documents/Motif+BO/results:/results:ro -v /home/beimfedora/Documents/Motif+BO/results/fleet:/work localhost/motifbo-env:phase1 python3 /probe/phasep/measure_phase.py /work/_kernels/fleet_FLAT_FM_13_fm_dot /work/fleet_FLAT_FM_13_fm_dot all --target-ms 65.0]
2026-07-17T10:12:59Z RUN-END rc=0 no_turbo=1 gov_cpu3=performance cpu7_online=1 isolated=3,7 freq_cpu3_khz=3600000 thp=madvise
2026-07-17T10:37:49Z RUN-START PASS no_turbo=1 gov_cpu3=performance cpu7_online=1 isolated=3,7 freq_cpu3_khz=3600000 thp=madvise argv=[--security-opt label=disable -v /home/beimfedora/Documents/Motif+BO/scripts:/probe:ro -v /home/beimfedora/Documents/Motif+BO/results:/results:ro -v /home/beimfedora/Documents/Motif+BO/results/fleet:/work localhost/motifbo-env:phase1 python3 /probe/phasep/measure_phase.py /work/_kernels/fleet_FLAT_FM_13_fm_dot_r1 /work/fleet_FLAT_FM_13_fm_dot_r1 all --target-ms 65.0]
2026-07-17T10:37:49Z RUN-END rc=1 no_turbo=1 gov_cpu3=performance cpu7_online=1 isolated=3,7 freq_cpu3_khz=3600000 thp=madvise
2026-07-17T11:02:33Z RUN-START PASS no_turbo=1 gov_cpu3=performance cpu7_online=1 isolated=3,7 freq_cpu3_khz=3600000 thp=madvise argv=[--security-opt label=disable -v /home/beimfedora/Documents/Motif+BO/scripts:/probe:ro -v /home/beimfedora/Documents/Motif+BO/results:/results:ro -v /home/beimfedora/Documents/Motif+BO/results/fleet:/work localhost/motifbo-env:phase1 python3 /probe/phasep/measure_phase.py /work/_kernels/fleet_FLAT_FM_13_fm_dot_r2 /work/fleet_FLAT_FM_13_fm_dot_r2 all --target-ms 65.0]
2026-07-17T11:09:51Z RUN-END rc=137 no_turbo=1 gov_cpu3=performance cpu7_online=1 isolated=3,7 freq_cpu3_khz=3600000 thp=madvise
2026-07-17T11:14:14Z VERIFY-ONLY PASS no_turbo=1 gov_cpu3=performance cpu7_online=1 isolated=3,7 freq_cpu3_khz=3600000 thp=madvise
2026-07-17T11:14:14Z RUN-START PASS no_turbo=1 gov_cpu3=performance cpu7_online=1 isolated=3,7 freq_cpu3_khz=3600000 thp=madvise argv=[--security-opt label=disable -v /home/beimfedora/Documents/Motif+BO/scripts:/probe:ro -v /home/beimfedora/Documents/Motif+BO/results:/results:ro -v /home/beimfedora/Documents/Motif+BO/results/fleet:/work localhost/motifbo-env:phase1 python3 /probe/phasep/measure_phase.py /work/_kernels/fleet_FLAT_FM_13_fm_dot_r1 /work/fleet_FLAT_FM_13_fm_dot_r1 all --target-ms 65.0]
2026-07-17T11:59:24Z RUN-END rc=0 no_turbo=1 gov_cpu3=performance cpu7_online=1 isolated=3,7 freq_cpu3_khz=3600000 thp=madvise
2026-07-17T12:24:09Z RUN-START PASS no_turbo=1 gov_cpu3=performance cpu7_online=1 isolated=3,7 freq_cpu3_khz=3600000 thp=madvise argv=[--security-opt label=disable -v /home/beimfedora/Documents/Motif+BO/scripts:/probe:ro -v /home/beimfedora/Documents/Motif+BO/results:/results:ro -v /home/beimfedora/Documents/Motif+BO/results/fleet:/work localhost/motifbo-env:phase1 python3 /probe/phasep/measure_phase.py /work/_kernels/fleet_FLAT_FM_14_fm_sumsq_r1 /work/fleet_FLAT_FM_14_fm_sumsq_r1 all --target-ms 65.0]
2026-07-17T23:02:47Z VERIFY-ONLY PASS no_turbo=1 gov_cpu3=performance cpu7_online=1 isolated=3,7 freq_cpu3_khz=3600000 thp=madvise
2026-07-17T23:03:33Z VERIFY-ONLY PASS no_turbo=1 gov_cpu3=performance cpu7_online=1 isolated=3,7 freq_cpu3_khz=3600000 thp=madvise
2026-07-17T23:03:48Z VERIFY-ONLY PASS no_turbo=1 gov_cpu3=performance cpu7_online=1 isolated=3,7 freq_cpu3_khz=3600000 thp=madvise
2026-07-17T23:03:49Z RUN-START PASS no_turbo=1 gov_cpu3=performance cpu7_online=1 isolated=3,7 freq_cpu3_khz=3600000 thp=madvise argv=[--security-opt label=disable -v /home/beimfedora/Documents/Motif+BO/scripts:/probe:ro -v /home/beimfedora/Documents/Motif+BO/results:/results:ro -v /home/beimfedora/Documents/Motif+BO/results/fleet:/work localhost/motifbo-env:phase1 python3 /probe/phasep/measure_phase.py /work/_kernels/fleet_FLAT_FM_14_fm_sumsq_r1 /work/fleet_FLAT_FM_14_fm_sumsq_r1 all --target-ms 65.0]
2026-07-17T23:05:28Z VERIFY-ONLY PASS no_turbo=1 gov_cpu3=performance cpu7_online=1 isolated=3,7 freq_cpu3_khz=3600000 thp=madvise
2026-07-17T23:31:35Z RUN-END rc=0 no_turbo=1 gov_cpu3=performance cpu7_online=1 isolated=3,7 freq_cpu3_khz=3600000 thp=madvise
2026-07-17T23:58:59Z RUN-START PASS no_turbo=1 gov_cpu3=performance cpu7_online=1 isolated=3,7 freq_cpu3_khz=3600000 thp=madvise argv=[--security-opt label=disable -v /home/beimfedora/Documents/Motif+BO/scripts:/probe:ro -v /home/beimfedora/Documents/Motif+BO/results:/results:ro -v /home/beimfedora/Documents/Motif+BO/results/fleet:/work localhost/motifbo-env:phase1 python3 /probe/phasep/measure_phase.py /work/_kernels/fleet_FLAT_FM_15_fm_abssum_r1 /work/fleet_FLAT_FM_15_fm_abssum_r1 all --target-ms 65.0]
2026-07-18T00:14:34Z RUN-END rc=0 no_turbo=1 gov_cpu3=performance cpu7_online=1 isolated=3,7 freq_cpu3_khz=3600000 thp=madvise
2026-07-18T00:40:32Z RUN-START PASS no_turbo=1 gov_cpu3=performance cpu7_online=1 isolated=3,7 freq_cpu3_khz=3600000 thp=madvise argv=[--security-opt label=disable -v /home/beimfedora/Documents/Motif+BO/scripts:/probe:ro -v /home/beimfedora/Documents/Motif+BO/results:/results:ro -v /home/beimfedora/Documents/Motif+BO/results/fleet:/work localhost/motifbo-env:phase1 python3 /probe/phasep/measure_phase.py /work/_kernels/fleet_FLAT_FM_16_fm_altsum_r1 /work/fleet_FLAT_FM_16_fm_altsum_r1 all --target-ms 65.0]
2026-07-18T01:08:36Z RUN-END rc=0 no_turbo=1 gov_cpu3=performance cpu7_online=1 isolated=3,7 freq_cpu3_khz=3600000 thp=madvise
2026-07-18T01:34:40Z RUN-START PASS no_turbo=1 gov_cpu3=performance cpu7_online=1 isolated=3,7 freq_cpu3_khz=3600000 thp=madvise argv=[--security-opt label=disable -v /home/beimfedora/Documents/Motif+BO/scripts:/probe:ro -v /home/beimfedora/Documents/Motif+BO/results:/results:ro -v /home/beimfedora/Documents/Motif+BO/results/fleet:/work localhost/motifbo-env:phase1 python3 /probe/phasep/measure_phase.py /work/_kernels/fleet_FLAT_FM_16_fm_altsum_r3 /work/fleet_FLAT_FM_16_fm_altsum_r3 all --target-ms 65.0]
2026-07-18T02:03:14Z RUN-END rc=0 no_turbo=1 gov_cpu3=performance cpu7_online=1 isolated=3,7 freq_cpu3_khz=3600000 thp=madvise
2026-07-18T02:32:17Z RUN-START PASS no_turbo=1 gov_cpu3=performance cpu7_online=1 isolated=3,7 freq_cpu3_khz=3600000 thp=madvise argv=[--security-opt label=disable -v /home/beimfedora/Documents/Motif+BO/scripts:/probe:ro -v /home/beimfedora/Documents/Motif+BO/results:/results:ro -v /home/beimfedora/Documents/Motif+BO/results/fleet:/work localhost/motifbo-env:phase1 python3 /probe/phasep/measure_phase.py /work/_kernels/fleet_FLAT_FM_17_fm_runmean_r1 /work/fleet_FLAT_FM_17_fm_runmean_r1 all --target-ms 65.0]
2026-07-18T03:08:11Z RUN-END rc=0 no_turbo=1 gov_cpu3=performance cpu7_online=1 isolated=3,7 freq_cpu3_khz=3600000 thp=madvise
2026-07-18T03:33:04Z RUN-START PASS no_turbo=1 gov_cpu3=performance cpu7_online=1 isolated=3,7 freq_cpu3_khz=3600000 thp=madvise argv=[--security-opt label=disable -v /home/beimfedora/Documents/Motif+BO/scripts:/probe:ro -v /home/beimfedora/Documents/Motif+BO/results:/results:ro -v /home/beimfedora/Documents/Motif+BO/results/fleet:/work localhost/motifbo-env:phase1 python3 /probe/phasep/measure_phase.py /work/_kernels/fleet_FLAT_FM_17_fm_runmean_r2 /work/fleet_FLAT_FM_17_fm_runmean_r2 all --target-ms 65.0]
2026-07-18T04:12:32Z RUN-END rc=0 no_turbo=1 gov_cpu3=performance cpu7_online=1 isolated=3,7 freq_cpu3_khz=3600000 thp=madvise
2026-07-18T04:37:26Z RUN-START PASS no_turbo=1 gov_cpu3=performance cpu7_online=1 isolated=3,7 freq_cpu3_khz=3600000 thp=madvise argv=[--security-opt label=disable -v /home/beimfedora/Documents/Motif+BO/scripts:/probe:ro -v /home/beimfedora/Documents/Motif+BO/results:/results:ro -v /home/beimfedora/Documents/Motif+BO/results/fleet:/work localhost/motifbo-env:phase1 python3 /probe/phasep/measure_phase.py /work/_kernels/fleet_FLAT_FM_18_fm_sum_r3 /work/fleet_FLAT_FM_18_fm_sum_r3 all --target-ms 65.0]
2026-07-18T05:05:22Z RUN-END rc=0 no_turbo=1 gov_cpu3=performance cpu7_online=1 isolated=3,7 freq_cpu3_khz=3600000 thp=madvise
2026-07-18T05:30:12Z RUN-START PASS no_turbo=1 gov_cpu3=performance cpu7_online=1 isolated=3,7 freq_cpu3_khz=3600000 thp=madvise argv=[--security-opt label=disable -v /home/beimfedora/Documents/Motif+BO/scripts:/probe:ro -v /home/beimfedora/Documents/Motif+BO/results:/results:ro -v /home/beimfedora/Documents/Motif+BO/results/fleet:/work localhost/motifbo-env:phase1 python3 /probe/phasep/measure_phase.py /work/_kernels/fleet_FLAT_FM_19_fm_dot_r2 /work/fleet_FLAT_FM_19_fm_dot_r2 all --target-ms 65.0]
2026-07-18T06:06:33Z RUN-END rc=0 no_turbo=1 gov_cpu3=performance cpu7_online=1 isolated=3,7 freq_cpu3_khz=3600000 thp=madvise
2026-07-18T06:31:26Z RUN-START PASS no_turbo=1 gov_cpu3=performance cpu7_online=1 isolated=3,7 freq_cpu3_khz=3600000 thp=madvise argv=[--security-opt label=disable -v /home/beimfedora/Documents/Motif+BO/scripts:/probe:ro -v /home/beimfedora/Documents/Motif+BO/results:/results:ro -v /home/beimfedora/Documents/Motif+BO/results/fleet:/work localhost/motifbo-env:phase1 python3 /probe/phasep/measure_phase.py /work/_kernels/fleet_FLAT_FM_20_fm_sumsq_r5 /work/fleet_FLAT_FM_20_fm_sumsq_r5 all --target-ms 65.0]
2026-07-18T07:02:08Z RUN-END rc=0 no_turbo=1 gov_cpu3=performance cpu7_online=1 isolated=3,7 freq_cpu3_khz=3600000 thp=madvise
2026-07-18T07:26:58Z RUN-START PASS no_turbo=1 gov_cpu3=performance cpu7_online=1 isolated=3,7 freq_cpu3_khz=3600000 thp=madvise argv=[--security-opt label=disable -v /home/beimfedora/Documents/Motif+BO/scripts:/probe:ro -v /home/beimfedora/Documents/Motif+BO/results:/results:ro -v /home/beimfedora/Documents/Motif+BO/results/fleet:/work localhost/motifbo-env:phase1 python3 /probe/phasep/measure_phase.py /work/_kernels/fleet_FLAT_FM_21_fm_abssum_r2 /work/fleet_FLAT_FM_21_fm_abssum_r2 all --target-ms 65.0]
2026-07-18T07:56:53Z RUN-END rc=0 no_turbo=1 gov_cpu3=performance cpu7_online=1 isolated=3,7 freq_cpu3_khz=3600000 thp=madvise
2026-07-18T08:21:44Z RUN-START PASS no_turbo=1 gov_cpu3=performance cpu7_online=1 isolated=3,7 freq_cpu3_khz=3600000 thp=madvise argv=[--security-opt label=disable -v /home/beimfedora/Documents/Motif+BO/scripts:/probe:ro -v /home/beimfedora/Documents/Motif+BO/results:/results:ro -v /home/beimfedora/Documents/Motif+BO/results/fleet:/work localhost/motifbo-env:phase1 python3 /probe/phasep/measure_phase.py /work/_kernels/fleet_FLAT_FM_22_fm_altsum_r5 /work/fleet_FLAT_FM_22_fm_altsum_r5 all --target-ms 65.0]
2026-07-18T08:49:23Z RUN-END rc=0 no_turbo=1 gov_cpu3=performance cpu7_online=1 isolated=3,7 freq_cpu3_khz=3600000 thp=madvise
2026-07-18T09:14:21Z RUN-START PASS no_turbo=1 gov_cpu3=performance cpu7_online=1 isolated=3,7 freq_cpu3_khz=3600000 thp=madvise argv=[--security-opt label=disable -v /home/beimfedora/Documents/Motif+BO/scripts:/probe:ro -v /home/beimfedora/Documents/Motif+BO/results:/results:ro -v /home/beimfedora/Documents/Motif+BO/results/fleet:/work localhost/motifbo-env:phase1 python3 /probe/phasep/measure_phase.py /work/_kernels/fleet_FLAT_FM_22_fm_altsum_r10 /work/fleet_FLAT_FM_22_fm_altsum_r10 all --target-ms 65.0]
2026-07-18T09:28:52Z RUN-END rc=0 no_turbo=1 gov_cpu3=performance cpu7_online=1 isolated=3,7 freq_cpu3_khz=3600000 thp=madvise
2026-07-18T09:53:46Z RUN-START PASS no_turbo=1 gov_cpu3=performance cpu7_online=1 isolated=3,7 freq_cpu3_khz=3600000 thp=madvise argv=[--security-opt label=disable -v /home/beimfedora/Documents/Motif+BO/scripts:/probe:ro -v /home/beimfedora/Documents/Motif+BO/results:/results:ro -v /home/beimfedora/Documents/Motif+BO/results/fleet:/work localhost/motifbo-env:phase1 python3 /probe/phasep/measure_phase.py /work/_kernels/fleet_FLAT_FM_23_fm_runmean_r4 /work/fleet_FLAT_FM_23_fm_runmean_r4 all --target-ms 65.0]
2026-07-18T10:32:43Z RUN-END rc=0 no_turbo=1 gov_cpu3=performance cpu7_online=1 isolated=3,7 freq_cpu3_khz=3600000 thp=madvise
2026-07-18T10:57:37Z RUN-START PASS no_turbo=1 gov_cpu3=performance cpu7_online=1 isolated=3,7 freq_cpu3_khz=3600000 thp=madvise argv=[--security-opt label=disable -v /home/beimfedora/Documents/Motif+BO/scripts:/probe:ro -v /home/beimfedora/Documents/Motif+BO/results:/results:ro -v /home/beimfedora/Documents/Motif+BO/results/fleet:/work localhost/motifbo-env:phase1 python3 /probe/phasep/measure_phase.py /work/_kernels/fleet_FLAT_FM_24_fm_sum_r9 /work/fleet_FLAT_FM_24_fm_sum_r9 all --target-ms 65.0]
2026-07-18T11:18:13Z RUN-END rc=0 no_turbo=1 gov_cpu3=performance cpu7_online=1 isolated=3,7 freq_cpu3_khz=3600000 thp=madvise
2026-07-18T11:43:09Z RUN-START PASS no_turbo=1 gov_cpu3=performance cpu7_online=1 isolated=3,7 freq_cpu3_khz=3600000 thp=madvise argv=[--security-opt label=disable -v /home/beimfedora/Documents/Motif+BO/scripts:/probe:ro -v /home/beimfedora/Documents/Motif+BO/results:/results:ro -v /home/beimfedora/Documents/Motif+BO/results/fleet:/work localhost/motifbo-env:phase1 python3 /probe/phasep/measure_phase.py /work/_kernels/fleet_FLAT_FM_25_fm_dot_r6 /work/fleet_FLAT_FM_25_fm_dot_r6 all --target-ms 65.0]
2026-07-18T12:22:37Z RUN-END rc=0 no_turbo=1 gov_cpu3=performance cpu7_online=1 isolated=3,7 freq_cpu3_khz=3600000 thp=madvise
2026-07-18T12:47:35Z RUN-START PASS no_turbo=1 gov_cpu3=performance cpu7_online=1 isolated=3,7 freq_cpu3_khz=3600000 thp=madvise argv=[--security-opt label=disable -v /home/beimfedora/Documents/Motif+BO/scripts:/probe:ro -v /home/beimfedora/Documents/Motif+BO/results:/results:ro -v /home/beimfedora/Documents/Motif+BO/results/fleet:/work localhost/motifbo-env:phase1 python3 /probe/phasep/measure_phase.py /work/_kernels/fleet_FLAT_FM_26_fm_sumsq_r12 /work/fleet_FLAT_FM_26_fm_sumsq_r12 all --target-ms 65.0]
2026-07-18T13:11:27Z RUN-END rc=0 no_turbo=1 gov_cpu3=performance cpu7_online=1 isolated=3,7 freq_cpu3_khz=3600000 thp=madvise
2026-07-18T13:36:17Z RUN-START PASS no_turbo=1 gov_cpu3=performance cpu7_online=1 isolated=3,7 freq_cpu3_khz=3600000 thp=madvise argv=[--security-opt label=disable -v /home/beimfedora/Documents/Motif+BO/scripts:/probe:ro -v /home/beimfedora/Documents/Motif+BO/results:/results:ro -v /home/beimfedora/Documents/Motif+BO/results/fleet:/work localhost/motifbo-env:phase1 python3 /probe/phasep/measure_phase.py /work/_kernels/fleet_FLAT_FM_27_fm_abssum_r9 /work/fleet_FLAT_FM_27_fm_abssum_r9 all --target-ms 65.0]
2026-07-18T14:05:58Z RUN-END rc=0 no_turbo=1 gov_cpu3=performance cpu7_online=1 isolated=3,7 freq_cpu3_khz=3600000 thp=madvise
2026-07-18T14:30:55Z RUN-START PASS no_turbo=1 gov_cpu3=performance cpu7_online=1 isolated=3,7 freq_cpu3_khz=3600000 thp=madvise argv=[--security-opt label=disable -v /home/beimfedora/Documents/Motif+BO/scripts:/probe:ro -v /home/beimfedora/Documents/Motif+BO/results:/results:ro -v /home/beimfedora/Documents/Motif+BO/results/fleet:/work localhost/motifbo-env:phase1 python3 /probe/phasep/measure_phase.py /work/_kernels/fleet_FLAT_FM_28_fm_altsum_r13 /work/fleet_FLAT_FM_28_fm_altsum_r13 all --target-ms 65.0]
2026-07-18T14:54:17Z RUN-END rc=0 no_turbo=1 gov_cpu3=performance cpu7_online=1 isolated=3,7 freq_cpu3_khz=3600000 thp=madvise
2026-07-18T15:19:15Z RUN-START PASS no_turbo=1 gov_cpu3=performance cpu7_online=1 isolated=3,7 freq_cpu3_khz=3600000 thp=madvise argv=[--security-opt label=disable -v /home/beimfedora/Documents/Motif+BO/scripts:/probe:ro -v /home/beimfedora/Documents/Motif+BO/results:/results:ro -v /home/beimfedora/Documents/Motif+BO/results/fleet:/work localhost/motifbo-env:phase1 python3 /probe/phasep/measure_phase.py /work/_kernels/fleet_FLAT_FM_29_fm_runmean_r12 /work/fleet_FLAT_FM_29_fm_runmean_r12 all --target-ms 65.0]
2026-07-18T16:00:31Z RUN-END rc=0 no_turbo=1 gov_cpu3=performance cpu7_online=1 isolated=3,7 freq_cpu3_khz=3600000 thp=madvise
2026-07-18T16:25:28Z RUN-START PASS no_turbo=1 gov_cpu3=performance cpu7_online=1 isolated=3,7 freq_cpu3_khz=3600000 thp=madvise argv=[--security-opt label=disable -v /home/beimfedora/Documents/Motif+BO/scripts:/probe:ro -v /home/beimfedora/Documents/Motif+BO/results:/results:ro -v /home/beimfedora/Documents/Motif+BO/results/fleet:/work localhost/motifbo-env:phase1 python3 /probe/phasep/measure_phase.py /work/_kernels/fleet_FLAT_FM_31_fm_dot_r11 /work/fleet_FLAT_FM_31_fm_dot_r11 all --target-ms 65.0]
2026-07-18T16:57:52Z RUN-END rc=0 no_turbo=1 gov_cpu3=performance cpu7_online=1 isolated=3,7 freq_cpu3_khz=3600000 thp=madvise
2026-07-18T17:23:20Z RUN-START PASS no_turbo=1 gov_cpu3=performance cpu7_online=1 isolated=3,7 freq_cpu3_khz=3600000 thp=madvise argv=[--security-opt label=disable -v /home/beimfedora/Documents/Motif+BO/scripts:/probe:ro -v /home/beimfedora/Documents/Motif+BO/results:/results:ro -v /home/beimfedora/Documents/Motif+BO/results/fleet:/work localhost/motifbo-env:phase1 python3 /probe/phasep/measure_phase.py /work/_kernels/fleet_MID_06_mid_gatherpoly /work/fleet_MID_06_mid_gatherpoly all --target-ms 65.0]
2026-07-18T17:57:46Z RUN-END rc=0 no_turbo=1 gov_cpu3=performance cpu7_online=1 isolated=3,7 freq_cpu3_khz=3600000 thp=madvise
2026-07-18T18:23:05Z RUN-START PASS no_turbo=1 gov_cpu3=performance cpu7_online=1 isolated=3,7 freq_cpu3_khz=3600000 thp=madvise argv=[--security-opt label=disable -v /home/beimfedora/Documents/Motif+BO/scripts:/probe:ro -v /home/beimfedora/Documents/Motif+BO/results:/results:ro -v /home/beimfedora/Documents/Motif+BO/results/fleet:/work localhost/motifbo-env:phase1 python3 /probe/phasep/measure_phase.py /work/_kernels/fleet_MID_07_mid_hist /work/fleet_MID_07_mid_hist all --target-ms 65.0]
2026-07-18T19:03:55Z RUN-END rc=0 no_turbo=1 gov_cpu3=performance cpu7_online=1 isolated=3,7 freq_cpu3_khz=3600000 thp=madvise
2026-07-18T19:30:25Z RUN-START PASS no_turbo=1 gov_cpu3=performance cpu7_online=1 isolated=3,7 freq_cpu3_khz=3600000 thp=madvise argv=[--security-opt label=disable -v /home/beimfedora/Documents/Motif+BO/scripts:/probe:ro -v /home/beimfedora/Documents/Motif+BO/results:/results:ro -v /home/beimfedora/Documents/Motif+BO/results/fleet:/work localhost/motifbo-env:phase1 python3 /probe/phasep/measure_phase.py /work/_kernels/fleet_MID_08_mid_branchy /work/fleet_MID_08_mid_branchy all --target-ms 65.0]
2026-07-18T20:14:22Z RUN-END rc=0 no_turbo=1 gov_cpu3=performance cpu7_online=1 isolated=3,7 freq_cpu3_khz=3600000 thp=madvise
2026-07-19T03:45:53Z VERIFY-ONLY PASS no_turbo=1 gov_cpu3=performance cpu7_online=1 isolated=3,7 freq_cpu3_khz=3600000 thp=madvise
2026-07-19T03:47:18Z VERIFY-ONLY PASS no_turbo=1 gov_cpu3=performance cpu7_online=1 isolated=3,7 freq_cpu3_khz=3600000 thp=madvise
2026-07-19T03:47:38Z VERIFY-ONLY PASS no_turbo=1 gov_cpu3=performance cpu7_online=1 isolated=3,7 freq_cpu3_khz=3600000 thp=madvise
2026-07-19T04:12:54Z RUN-START PASS no_turbo=1 gov_cpu3=performance cpu7_online=1 isolated=3,7 freq_cpu3_khz=3600000 thp=madvise argv=[--security-opt label=disable -v /home/beimfedora/Documents/Motif+BO/scripts:/probe:ro -v /home/beimfedora/Documents/Motif+BO/results:/results:ro -v /home/beimfedora/Documents/Motif+BO/results/fleet:/work localhost/motifbo-env:phase1 python3 /probe/phasep/measure_phase.py /work/_kernels/fleet_MID_09_mid_stencil /work/fleet_MID_09_mid_stencil all --target-ms 65.0]
2026-07-19T04:12:55Z RUN-END rc=1 no_turbo=1 gov_cpu3=performance cpu7_online=1 isolated=3,7 freq_cpu3_khz=3600000 thp=madvise
2026-07-19T04:41:21Z VERIFY-ONLY PASS no_turbo=1 gov_cpu3=performance cpu7_online=1 isolated=3,7 freq_cpu3_khz=3600000 thp=madvise
2026-07-19T05:06:42Z RUN-START PASS no_turbo=1 gov_cpu3=performance cpu7_online=1 isolated=3,7 freq_cpu3_khz=3600000 thp=madvise argv=[--security-opt label=disable -v /home/beimfedora/Documents/Motif+BO/scripts:/probe:ro -v /home/beimfedora/Documents/Motif+BO/results:/results:ro -v /home/beimfedora/Documents/Motif+BO/results/fleet:/work localhost/motifbo-env:phase1 python3 /probe/phasep/measure_phase.py /work/_kernels/fleet_MID_09_mid_stencil /work/fleet_MID_09_mid_stencil all --target-ms 65.0]
2026-07-19T05:38:26Z RUN-END rc=0 no_turbo=1 gov_cpu3=performance cpu7_online=1 isolated=3,7 freq_cpu3_khz=3600000 thp=madvise
2026-07-19T06:03:35Z RUN-START PASS no_turbo=1 gov_cpu3=performance cpu7_online=1 isolated=3,7 freq_cpu3_khz=3600000 thp=madvise argv=[--security-opt label=disable -v /home/beimfedora/Documents/Motif+BO/scripts:/probe:ro -v /home/beimfedora/Documents/Motif+BO/results:/results:ro -v /home/beimfedora/Documents/Motif+BO/results/fleet:/work localhost/motifbo-env:phase1 python3 /probe/phasep/measure_phase.py /work/_kernels/fleet_MID_10_mid_convert /work/fleet_MID_10_mid_convert all --target-ms 65.0]
2026-07-19T06:18:24Z VERIFY-ONLY PASS no_turbo=1 gov_cpu3=performance cpu7_online=1 isolated=3,7 freq_cpu3_khz=3600000 thp=madvise
2026-07-19T17:56:19Z VERIFY-ONLY PASS no_turbo=1 gov_cpu3=performance cpu7_online=1 isolated=3,7 freq_cpu3_khz=3600000 thp=madvise
2026-07-19T17:56:20Z RUN-START PASS no_turbo=1 gov_cpu3=performance cpu7_online=1 isolated=3,7 freq_cpu3_khz=3600000 thp=madvise argv=[--security-opt label=disable -v /home/beimfedora/Documents/Motif+BO/scripts:/probe:ro -v /home/beimfedora/Documents/Motif+BO/results:/results:ro -v /home/beimfedora/Documents/Motif+BO/results/fleet:/work localhost/motifbo-env:phase1 python3 /probe/phasep/measure_phase.py /work/_kernels/fleet_MID_10_mid_convert /work/fleet_MID_10_mid_convert all --target-ms 65.0]
2026-07-19T18:17:02Z RUN-END rc=0 no_turbo=1 gov_cpu3=performance cpu7_online=1 isolated=3,7 freq_cpu3_khz=3600000 thp=madvise
2026-07-19T22:58:46Z VERIFY-ONLY PASS no_turbo=1 gov_cpu3=performance cpu7_online=1 isolated=3,7 freq_cpu3_khz=3600000 thp=madvise
2026-07-19T23:23:43Z RUN-START PASS no_turbo=1 gov_cpu3=performance cpu7_online=1 isolated=3,7 freq_cpu3_khz=3600000 thp=madvise argv=[--security-opt label=disable -v /home/beimfedora/Documents/Motif+BO/scripts:/probe:ro -v /home/beimfedora/Documents/Motif+BO/results:/results:ro -v /home/beimfedora/Documents/Motif+BO/results/fleet:/work localhost/motifbo-env:phase1 python3 /probe/phasep/measure_phase.py /work/_kernels/fleet_MID_11_mid_gatherpoly_deep /work/fleet_MID_11_mid_gatherpoly_deep all --target-ms 65.0]
2026-07-19T23:52:05Z RUN-END rc=0 no_turbo=1 gov_cpu3=performance cpu7_online=1 isolated=3,7 freq_cpu3_khz=3600000 thp=madvise
2026-07-20T00:17:33Z RUN-START PASS no_turbo=1 gov_cpu3=performance cpu7_online=1 isolated=3,7 freq_cpu3_khz=3600000 thp=madvise argv=[--security-opt label=disable -v /home/beimfedora/Documents/Motif+BO/scripts:/probe:ro -v /home/beimfedora/Documents/Motif+BO/results:/results:ro -v /home/beimfedora/Documents/Motif+BO/results/fleet:/work localhost/motifbo-env:phase1 python3 /probe/phasep/measure_phase.py /work/_kernels/fleet_MID_12_mid_gatherpoly /work/fleet_MID_12_mid_gatherpoly all --target-ms 65.0]
2026-07-20T00:44:36Z RUN-END rc=0 no_turbo=1 gov_cpu3=performance cpu7_online=1 isolated=3,7 freq_cpu3_khz=3600000 thp=madvise
2026-07-20T01:09:51Z RUN-START PASS no_turbo=1 gov_cpu3=performance cpu7_online=1 isolated=3,7 freq_cpu3_khz=3600000 thp=madvise argv=[--security-opt label=disable -v /home/beimfedora/Documents/Motif+BO/scripts:/probe:ro -v /home/beimfedora/Documents/Motif+BO/results:/results:ro -v /home/beimfedora/Documents/Motif+BO/results/fleet:/work localhost/motifbo-env:phase1 python3 /probe/phasep/measure_phase.py /work/_kernels/fleet_MID_13_mid_hist_r1 /work/fleet_MID_13_mid_hist_r1 all --target-ms 65.0]
2026-07-20T01:48:09Z RUN-END rc=0 no_turbo=1 gov_cpu3=performance cpu7_online=1 isolated=3,7 freq_cpu3_khz=3600000 thp=madvise
2026-07-20T02:13:53Z RUN-START PASS no_turbo=1 gov_cpu3=performance cpu7_online=1 isolated=3,7 freq_cpu3_khz=3600000 thp=madvise argv=[--security-opt label=disable -v /home/beimfedora/Documents/Motif+BO/scripts:/probe:ro -v /home/beimfedora/Documents/Motif+BO/results:/results:ro -v /home/beimfedora/Documents/Motif+BO/results/fleet:/work localhost/motifbo-env:phase1 python3 /probe/phasep/measure_phase.py /work/_kernels/fleet_MID_14_mid_branchy /work/fleet_MID_14_mid_branchy all --target-ms 65.0]
2026-07-20T02:41:45Z RUN-END rc=0 no_turbo=1 gov_cpu3=performance cpu7_online=1 isolated=3,7 freq_cpu3_khz=3600000 thp=madvise
2026-07-20T03:08:19Z RUN-START PASS no_turbo=1 gov_cpu3=performance cpu7_online=1 isolated=3,7 freq_cpu3_khz=3600000 thp=madvise argv=[--security-opt label=disable -v /home/beimfedora/Documents/Motif+BO/scripts:/probe:ro -v /home/beimfedora/Documents/Motif+BO/results:/results:ro -v /home/beimfedora/Documents/Motif+BO/results/fleet:/work localhost/motifbo-env:phase1 python3 /probe/phasep/measure_phase.py /work/_kernels/fleet_MID_15_mid_stencil_r1 /work/fleet_MID_15_mid_stencil_r1 all --target-ms 65.0]
2026-07-20T03:45:51Z RUN-END rc=0 no_turbo=1 gov_cpu3=performance cpu7_online=1 isolated=3,7 freq_cpu3_khz=3600000 thp=madvise
2026-07-20T04:10:46Z RUN-START PASS no_turbo=1 gov_cpu3=performance cpu7_online=1 isolated=3,7 freq_cpu3_khz=3600000 thp=madvise argv=[--security-opt label=disable -v /home/beimfedora/Documents/Motif+BO/scripts:/probe:ro -v /home/beimfedora/Documents/Motif+BO/results:/results:ro -v /home/beimfedora/Documents/Motif+BO/results/fleet:/work localhost/motifbo-env:phase1 python3 /probe/phasep/measure_phase.py /work/_kernels/fleet_MID_16_mid_convert_r1 /work/fleet_MID_16_mid_convert_r1 all --target-ms 65.0]
2026-07-20T04:35:47Z RUN-END rc=0 no_turbo=1 gov_cpu3=performance cpu7_online=1 isolated=3,7 freq_cpu3_khz=3600000 thp=madvise
2026-07-20T05:01:51Z RUN-START PASS no_turbo=1 gov_cpu3=performance cpu7_online=1 isolated=3,7 freq_cpu3_khz=3600000 thp=madvise argv=[--security-opt label=disable -v /home/beimfedora/Documents/Motif+BO/scripts:/probe:ro -v /home/beimfedora/Documents/Motif+BO/results:/results:ro -v /home/beimfedora/Documents/Motif+BO/results/fleet:/work localhost/motifbo-env:phase1 python3 /probe/phasep/measure_phase.py /work/_kernels/fleet_MID_17_mid_gatherpoly_deep_r1 /work/fleet_MID_17_mid_gatherpoly_deep_r1 all --target-ms 65.0]
2026-07-20T05:32:28Z RUN-END rc=0 no_turbo=1 gov_cpu3=performance cpu7_online=1 isolated=3,7 freq_cpu3_khz=3600000 thp=madvise
2026-07-20T05:59:52Z RUN-START PASS no_turbo=1 gov_cpu3=performance cpu7_online=1 isolated=3,7 freq_cpu3_khz=3600000 thp=madvise argv=[--security-opt label=disable -v /home/beimfedora/Documents/Motif+BO/scripts:/probe:ro -v /home/beimfedora/Documents/Motif+BO/results:/results:ro -v /home/beimfedora/Documents/Motif+BO/results/fleet:/work localhost/motifbo-env:phase1 python3 /probe/phasep/measure_phase.py /work/_kernels/fleet_MID_18_mid_gatherpoly_r1 /work/fleet_MID_18_mid_gatherpoly_r1 all --target-ms 65.0]
2026-07-20T06:34:55Z RUN-END rc=0 no_turbo=1 gov_cpu3=performance cpu7_online=1 isolated=3,7 freq_cpu3_khz=3600000 thp=madvise
2026-07-20T07:00:06Z RUN-START PASS no_turbo=1 gov_cpu3=performance cpu7_online=1 isolated=3,7 freq_cpu3_khz=3600000 thp=madvise argv=[--security-opt label=disable -v /home/beimfedora/Documents/Motif+BO/scripts:/probe:ro -v /home/beimfedora/Documents/Motif+BO/results:/results:ro -v /home/beimfedora/Documents/Motif+BO/results/fleet:/work localhost/motifbo-env:phase1 python3 /probe/phasep/measure_phase.py /work/_kernels/fleet_MID_19_mid_hist_r2 /work/fleet_MID_19_mid_hist_r2 all --target-ms 65.0]
2026-07-20T07:39:43Z RUN-END rc=0 no_turbo=1 gov_cpu3=performance cpu7_online=1 isolated=3,7 freq_cpu3_khz=3600000 thp=madvise
2026-07-20T08:05:11Z RUN-START PASS no_turbo=1 gov_cpu3=performance cpu7_online=1 isolated=3,7 freq_cpu3_khz=3600000 thp=madvise argv=[--security-opt label=disable -v /home/beimfedora/Documents/Motif+BO/scripts:/probe:ro -v /home/beimfedora/Documents/Motif+BO/results:/results:ro -v /home/beimfedora/Documents/Motif+BO/results/fleet:/work localhost/motifbo-env:phase1 python3 /probe/phasep/measure_phase.py /work/_kernels/fleet_MID_20_mid_branchy_r1 /work/fleet_MID_20_mid_branchy_r1 all --target-ms 65.0]
2026-07-20T08:41:01Z RUN-END rc=0 no_turbo=1 gov_cpu3=performance cpu7_online=1 isolated=3,7 freq_cpu3_khz=3600000 thp=madvise
2026-07-20T09:06:32Z RUN-START PASS no_turbo=1 gov_cpu3=performance cpu7_online=1 isolated=3,7 freq_cpu3_khz=3600000 thp=madvise argv=[--security-opt label=disable -v /home/beimfedora/Documents/Motif+BO/scripts:/probe:ro -v /home/beimfedora/Documents/Motif+BO/results:/results:ro -v /home/beimfedora/Documents/Motif+BO/results/fleet:/work localhost/motifbo-env:phase1 python3 /probe/phasep/measure_phase.py /work/_kernels/fleet_MID_20_mid_branchy_r2 /work/fleet_MID_20_mid_branchy_r2 all --target-ms 65.0]
2026-07-20T09:49:29Z RUN-END rc=0 no_turbo=1 gov_cpu3=performance cpu7_online=1 isolated=3,7 freq_cpu3_khz=3600000 thp=madvise
2026-07-20T10:14:41Z RUN-START PASS no_turbo=1 gov_cpu3=performance cpu7_online=1 isolated=3,7 freq_cpu3_khz=3600000 thp=madvise argv=[--security-opt label=disable -v /home/beimfedora/Documents/Motif+BO/scripts:/probe:ro -v /home/beimfedora/Documents/Motif+BO/results:/results:ro -v /home/beimfedora/Documents/Motif+BO/results/fleet:/work localhost/motifbo-env:phase1 python3 /probe/phasep/measure_phase.py /work/_kernels/fleet_MID_21_mid_stencil_r2 /work/fleet_MID_21_mid_stencil_r2 all --target-ms 65.0]
2026-07-20T10:53:58Z RUN-END rc=0 no_turbo=1 gov_cpu3=performance cpu7_online=1 isolated=3,7 freq_cpu3_khz=3600000 thp=madvise
2026-07-20T11:19:10Z RUN-START PASS no_turbo=1 gov_cpu3=performance cpu7_online=1 isolated=3,7 freq_cpu3_khz=3600000 thp=madvise argv=[--security-opt label=disable -v /home/beimfedora/Documents/Motif+BO/scripts:/probe:ro -v /home/beimfedora/Documents/Motif+BO/results:/results:ro -v /home/beimfedora/Documents/Motif+BO/results/fleet:/work localhost/motifbo-env:phase1 python3 /probe/phasep/measure_phase.py /work/_kernels/fleet_MID_22_mid_convert_r2 /work/fleet_MID_22_mid_convert_r2 all --target-ms 65.0]
2026-07-20T11:45:54Z RUN-END rc=0 no_turbo=1 gov_cpu3=performance cpu7_online=1 isolated=3,7 freq_cpu3_khz=3600000 thp=madvise
2026-07-20T12:11:17Z RUN-START PASS no_turbo=1 gov_cpu3=performance cpu7_online=1 isolated=3,7 freq_cpu3_khz=3600000 thp=madvise argv=[--security-opt label=disable -v /home/beimfedora/Documents/Motif+BO/scripts:/probe:ro -v /home/beimfedora/Documents/Motif+BO/results:/results:ro -v /home/beimfedora/Documents/Motif+BO/results/fleet:/work localhost/motifbo-env:phase1 python3 /probe/phasep/measure_phase.py /work/_kernels/fleet_MID_23_mid_gatherpoly_deep_r2 /work/fleet_MID_23_mid_gatherpoly_deep_r2 all --target-ms 65.0]
2026-07-20T12:58:52Z RUN-END rc=0 no_turbo=1 gov_cpu3=performance cpu7_online=1 isolated=3,7 freq_cpu3_khz=3600000 thp=madvise
2026-07-20T13:24:04Z RUN-START PASS no_turbo=1 gov_cpu3=performance cpu7_online=1 isolated=3,7 freq_cpu3_khz=3600000 thp=madvise argv=[--security-opt label=disable -v /home/beimfedora/Documents/Motif+BO/scripts:/probe:ro -v /home/beimfedora/Documents/Motif+BO/results:/results:ro -v /home/beimfedora/Documents/Motif+BO/results/fleet:/work localhost/motifbo-env:phase1 python3 /probe/phasep/measure_phase.py /work/_kernels/fleet_MID_24_mid_gatherpoly_r2 /work/fleet_MID_24_mid_gatherpoly_r2 all --target-ms 65.0]
2026-07-20T13:57:06Z RUN-END rc=0 no_turbo=1 gov_cpu3=performance cpu7_online=1 isolated=3,7 freq_cpu3_khz=3600000 thp=madvise
2026-07-20T14:22:18Z RUN-START PASS no_turbo=1 gov_cpu3=performance cpu7_online=1 isolated=3,7 freq_cpu3_khz=3600000 thp=madvise argv=[--security-opt label=disable -v /home/beimfedora/Documents/Motif+BO/scripts:/probe:ro -v /home/beimfedora/Documents/Motif+BO/results:/results:ro -v /home/beimfedora/Documents/Motif+BO/results/fleet:/work localhost/motifbo-env:phase1 python3 /probe/phasep/measure_phase.py /work/_kernels/fleet_MID_25_mid_hist_r5 /work/fleet_MID_25_mid_hist_r5 all --target-ms 65.0]
2026-07-20T14:56:59Z RUN-END rc=0 no_turbo=1 gov_cpu3=performance cpu7_online=1 isolated=3,7 freq_cpu3_khz=3600000 thp=madvise
2026-07-20T15:22:12Z RUN-START PASS no_turbo=1 gov_cpu3=performance cpu7_online=1 isolated=3,7 freq_cpu3_khz=3600000 thp=madvise argv=[--security-opt label=disable -v /home/beimfedora/Documents/Motif+BO/scripts:/probe:ro -v /home/beimfedora/Documents/Motif+BO/results:/results:ro -v /home/beimfedora/Documents/Motif+BO/results/fleet:/work localhost/motifbo-env:phase1 python3 /probe/phasep/measure_phase.py /work/_kernels/fleet_MID_26_mid_branchy_r1 /work/fleet_MID_26_mid_branchy_r1 all --target-ms 65.0]
2026-07-20T15:47:11Z RUN-END rc=0 no_turbo=1 gov_cpu3=performance cpu7_online=1 isolated=3,7 freq_cpu3_khz=3600000 thp=madvise
2026-07-20T16:12:02Z VERIFY-ONLY PASS no_turbo=1 gov_cpu3=performance cpu7_online=1 isolated=3,7 freq_cpu3_khz=3600000 thp=madvise
2026-07-20T16:36:23Z RUN-START PASS no_turbo=1 gov_cpu3=performance cpu7_online=1 isolated=3,7 freq_cpu3_khz=3600000 thp=madvise argv=[--security-opt label=disable -v /home/beimfedora/Documents/Motif+BO/scripts:/probe:ro -v /home/beimfedora/Documents/Motif+BO/results:/results:ro -v /home/beimfedora/Documents/Motif+BO/results/fleet:/work localhost/motifbo-env:phase1 python3 /probe/phasep/measure_phase.py /work/_kernels/fleet_MID_27_mid_stencil_r7 /work/fleet_MID_27_mid_stencil_r7 all --target-ms 65.0]
2026-07-20T17:11:40Z RUN-END rc=0 no_turbo=1 gov_cpu3=performance cpu7_online=1 isolated=3,7 freq_cpu3_khz=3600000 thp=madvise
2026-07-20T17:36:34Z RUN-START PASS no_turbo=1 gov_cpu3=performance cpu7_online=1 isolated=3,7 freq_cpu3_khz=3600000 thp=madvise argv=[--security-opt label=disable -v /home/beimfedora/Documents/Motif+BO/scripts:/probe:ro -v /home/beimfedora/Documents/Motif+BO/results:/results:ro -v /home/beimfedora/Documents/Motif+BO/results/fleet:/work localhost/motifbo-env:phase1 python3 /probe/phasep/measure_phase.py /work/_kernels/fleet_MID_28_mid_convert_r5 /work/fleet_MID_28_mid_convert_r5 all --target-ms 65.0]
2026-07-20T18:01:17Z RUN-END rc=0 no_turbo=1 gov_cpu3=performance cpu7_online=1 isolated=3,7 freq_cpu3_khz=3600000 thp=madvise
2026-07-20T18:08:55Z VERIFY-ONLY PASS no_turbo=1 gov_cpu3=performance cpu7_online=1 isolated=3,7 freq_cpu3_khz=3600000 thp=madvise
2026-07-20T18:35:13Z RUN-START PASS no_turbo=1 gov_cpu3=performance cpu7_online=1 isolated=3,7 freq_cpu3_khz=3600000 thp=madvise argv=[--security-opt label=disable -v /home/beimfedora/Documents/Motif+BO/scripts:/probe:ro -v /home/beimfedora/Documents/Motif+BO/results:/results:ro -v /home/beimfedora/Documents/Motif+BO/results/fleet:/work localhost/motifbo-env:phase1 python3 /probe/phasep/measure_phase.py /work/_kernels/fleet_MID_29_mid_gatherpoly_deep_r7 /work/fleet_MID_29_mid_gatherpoly_deep_r7 all --target-ms 65.0]
2026-07-20T19:19:43Z RUN-END rc=0 no_turbo=1 gov_cpu3=performance cpu7_online=1 isolated=3,7 freq_cpu3_khz=3600000 thp=madvise
2026-07-20T19:46:54Z RUN-START PASS no_turbo=1 gov_cpu3=performance cpu7_online=1 isolated=3,7 freq_cpu3_khz=3600000 thp=madvise argv=[--security-opt label=disable -v /home/beimfedora/Documents/Motif+BO/scripts:/probe:ro -v /home/beimfedora/Documents/Motif+BO/results:/results:ro -v /home/beimfedora/Documents/Motif+BO/results/fleet:/work localhost/motifbo-env:phase1 python3 /probe/phasep/measure_phase.py /work/_kernels/fleet_MID_30_mid_gatherpoly_r2 /work/fleet_MID_30_mid_gatherpoly_r2 all --target-ms 65.0]
2026-07-20T20:27:26Z RUN-END rc=0 no_turbo=1 gov_cpu3=performance cpu7_online=1 isolated=3,7 freq_cpu3_khz=3600000 thp=madvise
2026-07-20T20:53:21Z RUN-START PASS no_turbo=1 gov_cpu3=performance cpu7_online=1 isolated=3,7 freq_cpu3_khz=3600000 thp=madvise argv=[--security-opt label=disable -v /home/beimfedora/Documents/Motif+BO/scripts:/probe:ro -v /home/beimfedora/Documents/Motif+BO/results:/results:ro -v /home/beimfedora/Documents/Motif+BO/results/fleet:/work localhost/motifbo-env:phase1 python3 /probe/phasep/measure_phase.py /work/_kernels/fleet_MID_31_mid_hist_r10 /work/fleet_MID_31_mid_hist_r10 all --target-ms 65.0]
2026-07-20T21:42:41Z RUN-END rc=0 no_turbo=1 gov_cpu3=performance cpu7_online=1 isolated=3,7 freq_cpu3_khz=3600000 thp=madvise
2026-07-20T22:07:42Z RUN-START PASS no_turbo=1 gov_cpu3=performance cpu7_online=1 isolated=3,7 freq_cpu3_khz=3600000 thp=madvise argv=[--security-opt label=disable -v /home/beimfedora/Documents/Motif+BO/scripts:/probe:ro -v /home/beimfedora/Documents/Motif+BO/results:/results:ro -v /home/beimfedora/Documents/Motif+BO/results/fleet:/work localhost/motifbo-env:phase1 python3 /probe/phasep/measure_phase.py /work/_kernels/fleet_MID_32_mid_branchy_r6 /work/fleet_MID_32_mid_branchy_r6 all --target-ms 65.0]
2026-07-20T22:40:03Z RUN-END rc=0 no_turbo=1 gov_cpu3=performance cpu7_online=1 isolated=3,7 freq_cpu3_khz=3600000 thp=madvise
2026-07-20T23:05:12Z RUN-START PASS no_turbo=1 gov_cpu3=performance cpu7_online=1 isolated=3,7 freq_cpu3_khz=3600000 thp=madvise argv=[--security-opt label=disable -v /home/beimfedora/Documents/Motif+BO/scripts:/probe:ro -v /home/beimfedora/Documents/Motif+BO/results:/results:ro -v /home/beimfedora/Documents/Motif+BO/results/fleet:/work localhost/motifbo-env:phase1 python3 /probe/phasep/measure_phase.py /work/_kernels/fleet_MID_33_mid_stencil_r11 /work/fleet_MID_33_mid_stencil_r11 all --target-ms 65.0]
2026-07-20T23:48:06Z RUN-END rc=0 no_turbo=1 gov_cpu3=performance cpu7_online=1 isolated=3,7 freq_cpu3_khz=3600000 thp=madvise
2026-07-21T00:14:58Z RUN-START PASS no_turbo=1 gov_cpu3=performance cpu7_online=1 isolated=3,7 freq_cpu3_khz=3600000 thp=madvise argv=[--security-opt label=disable -v /home/beimfedora/Documents/Motif+BO/scripts:/probe:ro -v /home/beimfedora/Documents/Motif+BO/results:/results:ro -v /home/beimfedora/Documents/Motif+BO/results/fleet:/work localhost/motifbo-env:phase1 python3 /probe/phasep/measure_phase.py /work/_kernels/fleet_MID_34_mid_convert_r6 /work/fleet_MID_34_mid_convert_r6 all --target-ms 65.0]
2026-07-21T00:42:27Z RUN-END rc=0 no_turbo=1 gov_cpu3=performance cpu7_online=1 isolated=3,7 freq_cpu3_khz=3600000 thp=madvise
2026-07-21T01:09:14Z RUN-START PASS no_turbo=1 gov_cpu3=performance cpu7_online=1 isolated=3,7 freq_cpu3_khz=3600000 thp=madvise argv=[--security-opt label=disable -v /home/beimfedora/Documents/Motif+BO/scripts:/probe:ro -v /home/beimfedora/Documents/Motif+BO/results:/results:ro -v /home/beimfedora/Documents/Motif+BO/results/fleet:/work localhost/motifbo-env:phase1 python3 /probe/phasep/measure_phase.py /work/_kernels/fleet_MID_34_mid_convert_r7 /work/fleet_MID_34_mid_convert_r7 all --target-ms 65.0]
2026-07-21T03:13:45Z VERIFY-ONLY PASS no_turbo=1 gov_cpu3=performance cpu7_online=1 isolated=3,7 freq_cpu3_khz=3600000 thp=madvise
2026-07-21T03:13:50Z RUN-START PASS no_turbo=1 gov_cpu3=performance cpu7_online=1 isolated=3,7 freq_cpu3_khz=3600000 thp=madvise argv=[--security-opt label=disable -v /home/beimfedora/Documents/Motif+BO/scripts:/probe:ro -v /home/beimfedora/Documents/Motif+BO/results:/results:ro -v /home/beimfedora/Documents/Motif+BO/results/fleet:/work localhost/motifbo-env:phase1 python3 /probe/phasep/measure_phase.py /work/_kernels/fleet_MID_34_mid_convert_r7 /work/fleet_MID_34_mid_convert_r7 all --target-ms 65.0]
2026-07-21T03:30:40Z RUN-END rc=0 no_turbo=1 gov_cpu3=performance cpu7_online=1 isolated=3,7 freq_cpu3_khz=3600000 thp=madvise
2026-07-21T03:56:34Z RUN-START PASS no_turbo=1 gov_cpu3=performance cpu7_online=1 isolated=3,7 freq_cpu3_khz=3600000 thp=madvise argv=[--security-opt label=disable -v /home/beimfedora/Documents/Motif+BO/scripts:/probe:ro -v /home/beimfedora/Documents/Motif+BO/results:/results:ro -v /home/beimfedora/Documents/Motif+BO/results/fleet:/work localhost/motifbo-env:phase1 python3 /probe/phasep/measure_phase.py /work/_kernels/fleet_LEVER_SEP_06_lev_csr /work/fleet_LEVER_SEP_06_lev_csr all --target-ms 65.0]
2026-07-21T04:25:07Z RUN-END rc=0 no_turbo=1 gov_cpu3=performance cpu7_online=1 isolated=3,7 freq_cpu3_khz=3600000 thp=madvise
2026-07-21T04:30:13Z VERIFY-ONLY PASS no_turbo=1 gov_cpu3=performance cpu7_online=1 isolated=3,7 freq_cpu3_khz=3600000 thp=madvise
2026-07-21T04:54:52Z RUN-START PASS no_turbo=1 gov_cpu3=performance cpu7_online=1 isolated=3,7 freq_cpu3_khz=3600000 thp=madvise argv=[--security-opt label=disable -v /home/beimfedora/Documents/Motif+BO/scripts:/probe:ro -v /home/beimfedora/Documents/Motif+BO/results:/results:ro -v /home/beimfedora/Documents/Motif+BO/results/fleet:/work localhost/motifbo-env:phase1 python3 /probe/phasep/measure_phase.py /work/_kernels/fleet_LEVER_SEP_07_lev_modconst /work/fleet_LEVER_SEP_07_lev_modconst all --target-ms 65.0]
2026-07-21T05:25:23Z RUN-END rc=0 no_turbo=1 gov_cpu3=performance cpu7_online=1 isolated=3,7 freq_cpu3_khz=3600000 thp=madvise
2026-07-21T05:50:42Z RUN-START PASS no_turbo=1 gov_cpu3=performance cpu7_online=1 isolated=3,7 freq_cpu3_khz=3600000 thp=madvise argv=[--security-opt label=disable -v /home/beimfedora/Documents/Motif+BO/scripts:/probe:ro -v /home/beimfedora/Documents/Motif+BO/results:/results:ro -v /home/beimfedora/Documents/Motif+BO/results/fleet:/work localhost/motifbo-env:phase1 python3 /probe/phasep/measure_phase.py /work/_kernels/fleet_LEVER_SEP_08_lev_sqrtmap /work/fleet_LEVER_SEP_08_lev_sqrtmap all --target-ms 65.0]
2026-07-21T06:18:53Z RUN-END rc=0 no_turbo=1 gov_cpu3=performance cpu7_online=1 isolated=3,7 freq_cpu3_khz=3600000 thp=madvise
2026-07-21T06:43:58Z RUN-START PASS no_turbo=1 gov_cpu3=performance cpu7_online=1 isolated=3,7 freq_cpu3_khz=3600000 thp=madvise argv=[--security-opt label=disable -v /home/beimfedora/Documents/Motif+BO/scripts:/probe:ro -v /home/beimfedora/Documents/Motif+BO/results:/results:ro -v /home/beimfedora/Documents/Motif+BO/results/fleet:/work localhost/motifbo-env:phase1 python3 /probe/phasep/measure_phase.py /work/_kernels/fleet_LEVER_SEP_09_lev_clipmap /work/fleet_LEVER_SEP_09_lev_clipmap all --target-ms 65.0]
2026-07-21T07:13:14Z RUN-END rc=0 no_turbo=1 gov_cpu3=performance cpu7_online=1 isolated=3,7 freq_cpu3_khz=3600000 thp=madvise
2026-07-21T07:38:04Z RUN-START PASS no_turbo=1 gov_cpu3=performance cpu7_online=1 isolated=3,7 freq_cpu3_khz=3600000 thp=madvise argv=[--security-opt label=disable -v /home/beimfedora/Documents/Motif+BO/scripts:/probe:ro -v /home/beimfedora/Documents/Motif+BO/results:/results:ro -v /home/beimfedora/Documents/Motif+BO/results/fleet:/work localhost/motifbo-env:phase1 python3 /probe/phasep/measure_phase.py /work/_kernels/fleet_LEVER_SEP_10_lev_strided /work/fleet_LEVER_SEP_10_lev_strided all --target-ms 65.0]
2026-07-21T08:18:54Z RUN-END rc=0 no_turbo=1 gov_cpu3=performance cpu7_online=1 isolated=3,7 freq_cpu3_khz=3600000 thp=madvise
2026-07-21T08:44:20Z RUN-START PASS no_turbo=1 gov_cpu3=performance cpu7_online=1 isolated=3,7 freq_cpu3_khz=3600000 thp=madvise argv=[--security-opt label=disable -v /home/beimfedora/Documents/Motif+BO/scripts:/probe:ro -v /home/beimfedora/Documents/Motif+BO/results:/results:ro -v /home/beimfedora/Documents/Motif+BO/results/fleet:/work localhost/motifbo-env:phase1 python3 /probe/phasep/measure_phase.py /work/_kernels/fleet_LEVER_SEP_11_lev_axpy /work/fleet_LEVER_SEP_11_lev_axpy all --target-ms 65.0]
2026-07-21T09:20:36Z RUN-END rc=0 no_turbo=1 gov_cpu3=performance cpu7_online=1 isolated=3,7 freq_cpu3_khz=3600000 thp=madvise
2026-07-21T09:46:08Z RUN-START PASS no_turbo=1 gov_cpu3=performance cpu7_online=1 isolated=3,7 freq_cpu3_khz=3600000 thp=madvise argv=[--security-opt label=disable -v /home/beimfedora/Documents/Motif+BO/scripts:/probe:ro -v /home/beimfedora/Documents/Motif+BO/results:/results:ro -v /home/beimfedora/Documents/Motif+BO/results/fleet:/work localhost/motifbo-env:phase1 python3 /probe/phasep/measure_phase.py /work/_kernels/fleet_LEVER_SEP_12_lev_csr /work/fleet_LEVER_SEP_12_lev_csr all --target-ms 65.0]
2026-07-21T10:09:18Z RUN-END rc=0 no_turbo=1 gov_cpu3=performance cpu7_online=1 isolated=3,7 freq_cpu3_khz=3600000 thp=madvise
2026-07-21T10:34:20Z RUN-START PASS no_turbo=1 gov_cpu3=performance cpu7_online=1 isolated=3,7 freq_cpu3_khz=3600000 thp=madvise argv=[--security-opt label=disable -v /home/beimfedora/Documents/Motif+BO/scripts:/probe:ro -v /home/beimfedora/Documents/Motif+BO/results:/results:ro -v /home/beimfedora/Documents/Motif+BO/results/fleet:/work localhost/motifbo-env:phase1 python3 /probe/phasep/measure_phase.py /work/_kernels/fleet_LEVER_SEP_13_lev_modconst_r1 /work/fleet_LEVER_SEP_13_lev_modconst_r1 all --target-ms 65.0]
2026-07-21T11:07:26Z RUN-END rc=0 no_turbo=1 gov_cpu3=performance cpu7_online=1 isolated=3,7 freq_cpu3_khz=3600000 thp=madvise
2026-07-21T11:32:32Z RUN-START PASS no_turbo=1 gov_cpu3=performance cpu7_online=1 isolated=3,7 freq_cpu3_khz=3600000 thp=madvise argv=[--security-opt label=disable -v /home/beimfedora/Documents/Motif+BO/scripts:/probe:ro -v /home/beimfedora/Documents/Motif+BO/results:/results:ro -v /home/beimfedora/Documents/Motif+BO/results/fleet:/work localhost/motifbo-env:phase1 python3 /probe/phasep/measure_phase.py /work/_kernels/fleet_LEVER_SEP_14_lev_sqrtmap /work/fleet_LEVER_SEP_14_lev_sqrtmap all --target-ms 65.0]
2026-07-21T11:58:08Z RUN-END rc=0 no_turbo=1 gov_cpu3=performance cpu7_online=1 isolated=3,7 freq_cpu3_khz=3600000 thp=madvise
2026-07-21T12:23:24Z RUN-START PASS no_turbo=1 gov_cpu3=performance cpu7_online=1 isolated=3,7 freq_cpu3_khz=3600000 thp=madvise argv=[--security-opt label=disable -v /home/beimfedora/Documents/Motif+BO/scripts:/probe:ro -v /home/beimfedora/Documents/Motif+BO/results:/results:ro -v /home/beimfedora/Documents/Motif+BO/results/fleet:/work localhost/motifbo-env:phase1 python3 /probe/phasep/measure_phase.py /work/_kernels/fleet_LEVER_SEP_15_lev_clipmap_r1 /work/fleet_LEVER_SEP_15_lev_clipmap_r1 all --target-ms 65.0]
2026-07-21T12:44:00Z RUN-END rc=0 no_turbo=1 gov_cpu3=performance cpu7_online=1 isolated=3,7 freq_cpu3_khz=3600000 thp=madvise
2026-07-21T13:08:47Z RUN-START PASS no_turbo=1 gov_cpu3=performance cpu7_online=1 isolated=3,7 freq_cpu3_khz=3600000 thp=madvise argv=[--security-opt label=disable -v /home/beimfedora/Documents/Motif+BO/scripts:/probe:ro -v /home/beimfedora/Documents/Motif+BO/results:/results:ro -v /home/beimfedora/Documents/Motif+BO/results/fleet:/work localhost/motifbo-env:phase1 python3 /probe/phasep/measure_phase.py /work/_kernels/fleet_LEVER_SEP_16_lev_strided_r1 /work/fleet_LEVER_SEP_16_lev_strided_r1 all --target-ms 65.0]
2026-07-21T13:21:51Z VERIFY-ONLY PASS no_turbo=1 gov_cpu3=performance cpu7_online=1 isolated=3,7 freq_cpu3_khz=3600000 thp=madvise
2026-07-21T13:21:54Z RUN-START PASS no_turbo=1 gov_cpu3=performance cpu7_online=1 isolated=3,7 freq_cpu3_khz=3600000 thp=madvise argv=[--security-opt label=disable -v /home/beimfedora/Documents/Motif+BO/scripts:/probe:ro -v /home/beimfedora/Documents/Motif+BO/results:/results:ro -v /home/beimfedora/Documents/Motif+BO/results/fleet:/work localhost/motifbo-env:phase1 python3 /probe/phasep/measure_phase.py /work/_kernels/fleet_LEVER_SEP_16_lev_strided_r1 /work/fleet_LEVER_SEP_16_lev_strided_r1 all --target-ms 65.0]
2026-07-21T14:09:27Z RUN-END rc=0 no_turbo=1 gov_cpu3=performance cpu7_online=1 isolated=3,7 freq_cpu3_khz=3600000 thp=madvise
2026-07-21T14:34:45Z RUN-START PASS no_turbo=1 gov_cpu3=performance cpu7_online=1 isolated=3,7 freq_cpu3_khz=3600000 thp=madvise argv=[--security-opt label=disable -v /home/beimfedora/Documents/Motif+BO/scripts:/probe:ro -v /home/beimfedora/Documents/Motif+BO/results:/results:ro -v /home/beimfedora/Documents/Motif+BO/results/fleet:/work localhost/motifbo-env:phase1 python3 /probe/phasep/measure_phase.py /work/_kernels/fleet_LEVER_SEP_17_lev_axpy /work/fleet_LEVER_SEP_17_lev_axpy all --target-ms 65.0]
2026-07-21T14:53:58Z RUN-END rc=0 no_turbo=1 gov_cpu3=performance cpu7_online=1 isolated=3,7 freq_cpu3_khz=3600000 thp=madvise
2026-07-21T15:10:12Z VERIFY-ONLY PASS no_turbo=1 gov_cpu3=performance cpu7_online=1 isolated=3,7 freq_cpu3_khz=3600000 thp=madvise
2026-07-21T15:35:34Z RUN-START PASS no_turbo=1 gov_cpu3=performance cpu7_online=1 isolated=3,7 freq_cpu3_khz=3600000 thp=madvise argv=[--security-opt label=disable -v /home/beimfedora/Documents/Motif+BO/scripts:/probe:ro -v /home/beimfedora/Documents/Motif+BO/results:/results:ro -v /home/beimfedora/Documents/Motif+BO/results/fleet:/work localhost/motifbo-env:phase1 python3 /probe/phasep/measure_phase.py /work/_kernels/fleet_LEVER_SEP_18_lev_csr_r1 /work/fleet_LEVER_SEP_18_lev_csr_r1 all --target-ms 65.0]
2026-07-21T16:16:58Z RUN-END rc=0 no_turbo=1 gov_cpu3=performance cpu7_online=1 isolated=3,7 freq_cpu3_khz=3600000 thp=madvise
2026-07-21T16:43:55Z RUN-START PASS no_turbo=1 gov_cpu3=performance cpu7_online=1 isolated=3,7 freq_cpu3_khz=3600000 thp=madvise argv=[--security-opt label=disable -v /home/beimfedora/Documents/Motif+BO/scripts:/probe:ro -v /home/beimfedora/Documents/Motif+BO/results:/results:ro -v /home/beimfedora/Documents/Motif+BO/results/fleet:/work localhost/motifbo-env:phase1 python3 /probe/phasep/measure_phase.py /work/_kernels/fleet_LEVER_SEP_19_lev_modconst_r2 /work/fleet_LEVER_SEP_19_lev_modconst_r2 all --target-ms 65.0]
2026-07-21T17:15:22Z RUN-END rc=0 no_turbo=1 gov_cpu3=performance cpu7_online=1 isolated=3,7 freq_cpu3_khz=3600000 thp=madvise
2026-07-21T17:42:38Z RUN-START PASS no_turbo=1 gov_cpu3=performance cpu7_online=1 isolated=3,7 freq_cpu3_khz=3600000 thp=madvise argv=[--security-opt label=disable -v /home/beimfedora/Documents/Motif+BO/scripts:/probe:ro -v /home/beimfedora/Documents/Motif+BO/results:/results:ro -v /home/beimfedora/Documents/Motif+BO/results/fleet:/work localhost/motifbo-env:phase1 python3 /probe/phasep/measure_phase.py /work/_kernels/fleet_LEVER_SEP_19_lev_modconst_r3 /work/fleet_LEVER_SEP_19_lev_modconst_r3 all --target-ms 65.0]
2026-07-21T18:29:27Z RUN-END rc=0 no_turbo=1 gov_cpu3=performance cpu7_online=1 isolated=3,7 freq_cpu3_khz=3600000 thp=madvise
2026-07-21T18:56:37Z RUN-START PASS no_turbo=1 gov_cpu3=performance cpu7_online=1 isolated=3,7 freq_cpu3_khz=3600000 thp=madvise argv=[--security-opt label=disable -v /home/beimfedora/Documents/Motif+BO/scripts:/probe:ro -v /home/beimfedora/Documents/Motif+BO/results:/results:ro -v /home/beimfedora/Documents/Motif+BO/results/fleet:/work localhost/motifbo-env:phase1 python3 /probe/phasep/measure_phase.py /work/_kernels/fleet_LEVER_SEP_20_lev_sqrtmap_r1 /work/fleet_LEVER_SEP_20_lev_sqrtmap_r1 all --target-ms 65.0]
2026-07-21T19:24:31Z RUN-END rc=0 no_turbo=1 gov_cpu3=performance cpu7_online=1 isolated=3,7 freq_cpu3_khz=3600000 thp=madvise
2026-07-21T19:51:09Z RUN-START PASS no_turbo=1 gov_cpu3=performance cpu7_online=1 isolated=3,7 freq_cpu3_khz=3600000 thp=madvise argv=[--security-opt label=disable -v /home/beimfedora/Documents/Motif+BO/scripts:/probe:ro -v /home/beimfedora/Documents/Motif+BO/results:/results:ro -v /home/beimfedora/Documents/Motif+BO/results/fleet:/work localhost/motifbo-env:phase1 python3 /probe/phasep/measure_phase.py /work/_kernels/fleet_LEVER_SEP_20_lev_sqrtmap_r4 /work/fleet_LEVER_SEP_20_lev_sqrtmap_r4 all --target-ms 65.0]
2026-07-21T20:15:48Z RUN-END rc=0 no_turbo=1 gov_cpu3=performance cpu7_online=1 isolated=3,7 freq_cpu3_khz=3600000 thp=madvise
2026-07-21T20:41:49Z RUN-START PASS no_turbo=1 gov_cpu3=performance cpu7_online=1 isolated=3,7 freq_cpu3_khz=3600000 thp=madvise argv=[--security-opt label=disable -v /home/beimfedora/Documents/Motif+BO/scripts:/probe:ro -v /home/beimfedora/Documents/Motif+BO/results:/results:ro -v /home/beimfedora/Documents/Motif+BO/results/fleet:/work localhost/motifbo-env:phase1 python3 /probe/phasep/measure_phase.py /work/_kernels/fleet_LEVER_SEP_21_lev_clipmap_r3 /work/fleet_LEVER_SEP_21_lev_clipmap_r3 all --target-ms 65.0]
2026-07-21T22:38:35Z VERIFY-ONLY PASS no_turbo=1 gov_cpu3=performance cpu7_online=1 isolated=3,7 freq_cpu3_khz=3600000 thp=madvise
2026-07-21T22:38:38Z RUN-START PASS no_turbo=1 gov_cpu3=performance cpu7_online=1 isolated=3,7 freq_cpu3_khz=3600000 thp=madvise argv=[--security-opt label=disable -v /home/beimfedora/Documents/Motif+BO/scripts:/probe:ro -v /home/beimfedora/Documents/Motif+BO/results:/results:ro -v /home/beimfedora/Documents/Motif+BO/results/fleet:/work localhost/motifbo-env:phase1 python3 /probe/phasep/measure_phase.py /work/_kernels/fleet_LEVER_SEP_21_lev_clipmap_r3 /work/fleet_LEVER_SEP_21_lev_clipmap_r3 all --target-ms 65.0]
2026-07-21T23:13:35Z RUN-END rc=0 no_turbo=1 gov_cpu3=performance cpu7_online=1 isolated=3,7 freq_cpu3_khz=3600000 thp=madvise
2026-07-21T23:40:27Z RUN-START PASS no_turbo=1 gov_cpu3=performance cpu7_online=1 isolated=3,7 freq_cpu3_khz=3600000 thp=madvise argv=[--security-opt label=disable -v /home/beimfedora/Documents/Motif+BO/scripts:/probe:ro -v /home/beimfedora/Documents/Motif+BO/results:/results:ro -v /home/beimfedora/Documents/Motif+BO/results/fleet:/work localhost/motifbo-env:phase1 python3 /probe/phasep/measure_phase.py /work/_kernels/fleet_LEVER_SEP_22_lev_strided_r7 /work/fleet_LEVER_SEP_22_lev_strided_r7 all --target-ms 65.0]
2026-07-22T00:12:22Z RUN-END rc=0 no_turbo=1 gov_cpu3=performance cpu7_online=1 isolated=3,7 freq_cpu3_khz=3600000 thp=madvise
2026-07-22T00:38:17Z RUN-START PASS no_turbo=1 gov_cpu3=performance cpu7_online=1 isolated=3,7 freq_cpu3_khz=3600000 thp=madvise argv=[--security-opt label=disable -v /home/beimfedora/Documents/Motif+BO/scripts:/probe:ro -v /home/beimfedora/Documents/Motif+BO/results:/results:ro -v /home/beimfedora/Documents/Motif+BO/results/fleet:/work localhost/motifbo-env:phase1 python3 /probe/phasep/measure_phase.py /work/_kernels/fleet_LEVER_SEP_23_lev_axpy_r1 /work/fleet_LEVER_SEP_23_lev_axpy_r1 all --target-ms 65.0]
2026-07-22T01:12:29Z RUN-END rc=0 no_turbo=1 gov_cpu3=performance cpu7_online=1 isolated=3,7 freq_cpu3_khz=3600000 thp=madvise
2026-07-22T01:43:47Z RUN-START PASS no_turbo=1 gov_cpu3=performance cpu7_online=1 isolated=3,7 freq_cpu3_khz=3600000 thp=madvise argv=[--security-opt label=disable -v /home/beimfedora/Documents/Motif+BO/scripts:/probe:ro -v /home/beimfedora/Documents/Motif+BO/results:/results:ro -v /home/beimfedora/Documents/Motif+BO/results/fleet:/work localhost/motifbo-env:phase1 python3 /probe/phasep/measure_phase.py /work/_kernels/fleet_LEVER_SEP_24_lev_csr_r1 /work/fleet_LEVER_SEP_24_lev_csr_r1 all --target-ms 65.0]
2026-07-22T02:15:39Z RUN-END rc=0 no_turbo=1 gov_cpu3=performance cpu7_online=1 isolated=3,7 freq_cpu3_khz=3600000 thp=madvise
2026-07-22T02:41:13Z RUN-START PASS no_turbo=1 gov_cpu3=performance cpu7_online=1 isolated=3,7 freq_cpu3_khz=3600000 thp=madvise argv=[--security-opt label=disable -v /home/beimfedora/Documents/Motif+BO/scripts:/probe:ro -v /home/beimfedora/Documents/Motif+BO/results:/results:ro -v /home/beimfedora/Documents/Motif+BO/results/fleet:/work localhost/motifbo-env:phase1 python3 /probe/phasep/measure_phase.py /work/_kernels/fleet_LEVER_SEP_25_lev_modconst_r5 /work/fleet_LEVER_SEP_25_lev_modconst_r5 all --target-ms 65.0]
2026-07-22T03:12:36Z RUN-END rc=0 no_turbo=1 gov_cpu3=performance cpu7_online=1 isolated=3,7 freq_cpu3_khz=3600000 thp=madvise
2026-07-22T03:38:11Z RUN-START PASS no_turbo=1 gov_cpu3=performance cpu7_online=1 isolated=3,7 freq_cpu3_khz=3600000 thp=madvise argv=[--security-opt label=disable -v /home/beimfedora/Documents/Motif+BO/scripts:/probe:ro -v /home/beimfedora/Documents/Motif+BO/results:/results:ro -v /home/beimfedora/Documents/Motif+BO/results/fleet:/work localhost/motifbo-env:phase1 python3 /probe/phasep/measure_phase.py /work/_kernels/fleet_LEVER_SEP_26_lev_sqrtmap_r1 /work/fleet_LEVER_SEP_26_lev_sqrtmap_r1 all --target-ms 65.0]
2026-07-22T04:03:19Z RUN-END rc=0 no_turbo=1 gov_cpu3=performance cpu7_online=1 isolated=3,7 freq_cpu3_khz=3600000 thp=madvise
2026-07-22T04:28:36Z RUN-START PASS no_turbo=1 gov_cpu3=performance cpu7_online=1 isolated=3,7 freq_cpu3_khz=3600000 thp=madvise argv=[--security-opt label=disable -v /home/beimfedora/Documents/Motif+BO/scripts:/probe:ro -v /home/beimfedora/Documents/Motif+BO/results:/results:ro -v /home/beimfedora/Documents/Motif+BO/results/fleet:/work localhost/motifbo-env:phase1 python3 /probe/phasep/measure_phase.py /work/_kernels/fleet_LEVER_SEP_26_lev_sqrtmap_r5 /work/fleet_LEVER_SEP_26_lev_sqrtmap_r5 all --target-ms 65.0]
2026-07-22T04:48:53Z RUN-END rc=0 no_turbo=1 gov_cpu3=performance cpu7_online=1 isolated=3,7 freq_cpu3_khz=3600000 thp=madvise
2026-07-22T05:14:04Z RUN-START PASS no_turbo=1 gov_cpu3=performance cpu7_online=1 isolated=3,7 freq_cpu3_khz=3600000 thp=madvise argv=[--security-opt label=disable -v /home/beimfedora/Documents/Motif+BO/scripts:/probe:ro -v /home/beimfedora/Documents/Motif+BO/results:/results:ro -v /home/beimfedora/Documents/Motif+BO/results/fleet:/work localhost/motifbo-env:phase1 python3 /probe/phasep/measure_phase.py /work/_kernels/fleet_LEVER_SEP_26_lev_sqrtmap_r6 /work/fleet_LEVER_SEP_26_lev_sqrtmap_r6 all --target-ms 65.0]
2026-07-22T05:34:22Z RUN-END rc=0 no_turbo=1 gov_cpu3=performance cpu7_online=1 isolated=3,7 freq_cpu3_khz=3600000 thp=madvise
2026-07-22T05:59:50Z RUN-START PASS no_turbo=1 gov_cpu3=performance cpu7_online=1 isolated=3,7 freq_cpu3_khz=3600000 thp=madvise argv=[--security-opt label=disable -v /home/beimfedora/Documents/Motif+BO/scripts:/probe:ro -v /home/beimfedora/Documents/Motif+BO/results:/results:ro -v /home/beimfedora/Documents/Motif+BO/results/fleet:/work localhost/motifbo-env:phase1 python3 /probe/phasep/measure_phase.py /work/_kernels/fleet_LEVER_SEP_27_lev_clipmap_r11 /work/fleet_LEVER_SEP_27_lev_clipmap_r11 all --target-ms 65.0]
2026-07-22T06:34:39Z RUN-END rc=0 no_turbo=1 gov_cpu3=performance cpu7_online=1 isolated=3,7 freq_cpu3_khz=3600000 thp=madvise
2026-07-22T07:00:02Z RUN-START PASS no_turbo=1 gov_cpu3=performance cpu7_online=1 isolated=3,7 freq_cpu3_khz=3600000 thp=madvise argv=[--security-opt label=disable -v /home/beimfedora/Documents/Motif+BO/scripts:/probe:ro -v /home/beimfedora/Documents/Motif+BO/results:/results:ro -v /home/beimfedora/Documents/Motif+BO/results/fleet:/work localhost/motifbo-env:phase1 python3 /probe/phasep/measure_phase.py /work/_kernels/fleet_LEVER_SEP_28_lev_strided_r11 /work/fleet_LEVER_SEP_28_lev_strided_r11 all --target-ms 65.0]
2026-07-22T07:40:50Z RUN-END rc=0 no_turbo=1 gov_cpu3=performance cpu7_online=1 isolated=3,7 freq_cpu3_khz=3600000 thp=madvise
2026-07-22T08:06:17Z RUN-START PASS no_turbo=1 gov_cpu3=performance cpu7_online=1 isolated=3,7 freq_cpu3_khz=3600000 thp=madvise argv=[--security-opt label=disable -v /home/beimfedora/Documents/Motif+BO/scripts:/probe:ro -v /home/beimfedora/Documents/Motif+BO/results:/results:ro -v /home/beimfedora/Documents/Motif+BO/results/fleet:/work localhost/motifbo-env:phase1 python3 /probe/phasep/measure_phase.py /work/_kernels/fleet_LEVER_SEP_29_lev_axpy_r1 /work/fleet_LEVER_SEP_29_lev_axpy_r1 all --target-ms 65.0]
2026-07-22T08:27:03Z RUN-END rc=0 no_turbo=1 gov_cpu3=performance cpu7_online=1 isolated=3,7 freq_cpu3_khz=3600000 thp=madvise
2026-07-22T08:52:32Z RUN-START PASS no_turbo=1 gov_cpu3=performance cpu7_online=1 isolated=3,7 freq_cpu3_khz=3600000 thp=madvise argv=[--security-opt label=disable -v /home/beimfedora/Documents/Motif+BO/scripts:/probe:ro -v /home/beimfedora/Documents/Motif+BO/results:/results:ro -v /home/beimfedora/Documents/Motif+BO/results/fleet:/work localhost/motifbo-env:phase1 python3 /probe/phasep/measure_phase.py /work/_kernels/fleet_LEVER_SEP_30_lev_csr_r7 /work/fleet_LEVER_SEP_30_lev_csr_r7 all --target-ms 65.0]
2026-07-22T09:14:29Z RUN-END rc=0 no_turbo=1 gov_cpu3=performance cpu7_online=1 isolated=3,7 freq_cpu3_khz=3600000 thp=madvise
2026-07-22T09:39:59Z RUN-START PASS no_turbo=1 gov_cpu3=performance cpu7_online=1 isolated=3,7 freq_cpu3_khz=3600000 thp=madvise argv=[--security-opt label=disable -v /home/beimfedora/Documents/Motif+BO/scripts:/probe:ro -v /home/beimfedora/Documents/Motif+BO/results:/results:ro -v /home/beimfedora/Documents/Motif+BO/results/fleet:/work localhost/motifbo-env:phase1 python3 /probe/phasep/measure_phase.py /work/_kernels/fleet_LEVER_SEP_32_lev_sqrtmap_r8 /work/fleet_LEVER_SEP_32_lev_sqrtmap_r8 all --target-ms 65.0]
2026-07-22T10:10:04Z RUN-END rc=0 no_turbo=1 gov_cpu3=performance cpu7_online=1 isolated=3,7 freq_cpu3_khz=3600000 thp=madvise
2026-07-22T10:35:04Z RUN-START PASS no_turbo=1 gov_cpu3=performance cpu7_online=1 isolated=3,7 freq_cpu3_khz=3600000 thp=madvise argv=[--security-opt label=disable -v /home/beimfedora/Documents/Motif+BO/scripts:/probe:ro -v /home/beimfedora/Documents/Motif+BO/results:/results:ro -v /home/beimfedora/Documents/Motif+BO/results/fleet:/work localhost/motifbo-env:phase1 python3 /probe/phasep/measure_phase.py /work/_kernels/fleet_INT_06_int_sum64 /work/fleet_INT_06_int_sum64 all --target-ms 65.0]
2026-07-22T10:56:49Z RUN-END rc=0 no_turbo=1 gov_cpu3=performance cpu7_online=1 isolated=3,7 freq_cpu3_khz=3600000 thp=madvise
2026-07-22T11:21:48Z RUN-START PASS no_turbo=1 gov_cpu3=performance cpu7_online=1 isolated=3,7 freq_cpu3_khz=3600000 thp=madvise argv=[--security-opt label=disable -v /home/beimfedora/Documents/Motif+BO/scripts:/probe:ro -v /home/beimfedora/Documents/Motif+BO/results:/results:ro -v /home/beimfedora/Documents/Motif+BO/results/fleet:/work localhost/motifbo-env:phase1 python3 /probe/phasep/measure_phase.py /work/_kernels/fleet_INT_07_int_min32 /work/fleet_INT_07_int_min32 all --target-ms 65.0]
2026-07-22T11:40:41Z RUN-END rc=0 no_turbo=1 gov_cpu3=performance cpu7_online=1 isolated=3,7 freq_cpu3_khz=3600000 thp=madvise
2026-07-22T12:05:40Z RUN-START PASS no_turbo=1 gov_cpu3=performance cpu7_online=1 isolated=3,7 freq_cpu3_khz=3600000 thp=madvise argv=[--security-opt label=disable -v /home/beimfedora/Documents/Motif+BO/scripts:/probe:ro -v /home/beimfedora/Documents/Motif+BO/results:/results:ro -v /home/beimfedora/Documents/Motif+BO/results/fleet:/work localhost/motifbo-env:phase1 python3 /probe/phasep/measure_phase.py /work/_kernels/fleet_INT_08_int_sumsq /work/fleet_INT_08_int_sumsq all --target-ms 65.0]
2026-07-22T12:29:49Z RUN-END rc=0 no_turbo=1 gov_cpu3=performance cpu7_online=1 isolated=3,7 freq_cpu3_khz=3600000 thp=madvise
2026-07-22T12:54:47Z RUN-START PASS no_turbo=1 gov_cpu3=performance cpu7_online=1 isolated=3,7 freq_cpu3_khz=3600000 thp=madvise argv=[--security-opt label=disable -v /home/beimfedora/Documents/Motif+BO/scripts:/probe:ro -v /home/beimfedora/Documents/Motif+BO/results:/results:ro -v /home/beimfedora/Documents/Motif+BO/results/fleet:/work localhost/motifbo-env:phase1 python3 /probe/phasep/measure_phase.py /work/_kernels/fleet_INT_09_int_max32 /work/fleet_INT_09_int_max32 all --target-ms 65.0]
2026-07-22T13:13:58Z RUN-END rc=0 no_turbo=1 gov_cpu3=performance cpu7_online=1 isolated=3,7 freq_cpu3_khz=3600000 thp=madvise
2026-07-22T13:38:57Z RUN-START PASS no_turbo=1 gov_cpu3=performance cpu7_online=1 isolated=3,7 freq_cpu3_khz=3600000 thp=madvise argv=[--security-opt label=disable -v /home/beimfedora/Documents/Motif+BO/scripts:/probe:ro -v /home/beimfedora/Documents/Motif+BO/results:/results:ro -v /home/beimfedora/Documents/Motif+BO/results/fleet:/work localhost/motifbo-env:phase1 python3 /probe/phasep/measure_phase.py /work/_kernels/fleet_INT_10_int_revsum /work/fleet_INT_10_int_revsum all --target-ms 65.0]
2026-07-22T14:03:52Z RUN-END rc=0 no_turbo=1 gov_cpu3=performance cpu7_online=1 isolated=3,7 freq_cpu3_khz=3600000 thp=madvise
2026-07-22T14:28:52Z RUN-START PASS no_turbo=1 gov_cpu3=performance cpu7_online=1 isolated=3,7 freq_cpu3_khz=3600000 thp=madvise argv=[--security-opt label=disable -v /home/beimfedora/Documents/Motif+BO/scripts:/probe:ro -v /home/beimfedora/Documents/Motif+BO/results:/results:ro -v /home/beimfedora/Documents/Motif+BO/results/fleet:/work localhost/motifbo-env:phase1 python3 /probe/phasep/measure_phase.py /work/_kernels/fleet_INT_11_int_horner64 /work/fleet_INT_11_int_horner64 all --target-ms 65.0]
2026-07-22T14:48:02Z RUN-END rc=0 no_turbo=1 gov_cpu3=performance cpu7_online=1 isolated=3,7 freq_cpu3_khz=3600000 thp=madvise
2026-07-22T15:00:19Z VERIFY-ONLY PASS no_turbo=1 gov_cpu3=performance cpu7_online=1 isolated=3,7 freq_cpu3_khz=3600000 thp=madvise
2026-07-22T15:24:54Z RUN-START PASS no_turbo=1 gov_cpu3=performance cpu7_online=1 isolated=3,7 freq_cpu3_khz=3600000 thp=madvise argv=[--security-opt label=disable -v /home/beimfedora/Documents/Motif+BO/scripts:/probe:ro -v /home/beimfedora/Documents/Motif+BO/results:/results:ro -v /home/beimfedora/Documents/Motif+BO/results/fleet:/work localhost/motifbo-env:phase1 python3 /probe/phasep/measure_phase.py /work/_kernels/fleet_INT_12_int_horner32 /work/fleet_INT_12_int_horner32 all --target-ms 65.0]
2026-07-22T15:44:12Z RUN-END rc=0 no_turbo=1 gov_cpu3=performance cpu7_online=1 isolated=3,7 freq_cpu3_khz=3600000 thp=madvise
2026-07-22T18:04:20Z VERIFY-ONLY PASS no_turbo=1 gov_cpu3=performance cpu7_online=1 isolated=3,7 freq_cpu3_khz=3600000 thp=madvise
2026-07-22T18:29:00Z RUN-START PASS no_turbo=1 gov_cpu3=performance cpu7_online=1 isolated=3,7 freq_cpu3_khz=3600000 thp=madvise argv=[--security-opt label=disable -v /home/beimfedora/Documents/Motif+BO/scripts:/probe:ro -v /home/beimfedora/Documents/Motif+BO/results:/results:ro -v /home/beimfedora/Documents/Motif+BO/results/fleet:/work localhost/motifbo-env:phase1 python3 /probe/phasep/measure_phase.py /work/_kernels/fleet_INT_13_int_sum64 /work/fleet_INT_13_int_sum64 all --target-ms 65.0]
2026-07-22T18:57:16Z RUN-END rc=0 no_turbo=1 gov_cpu3=performance cpu7_online=1 isolated=3,7 freq_cpu3_khz=3600000 thp=madvise
2026-07-22T19:24:02Z RUN-START PASS no_turbo=1 gov_cpu3=performance cpu7_online=1 isolated=3,7 freq_cpu3_khz=3600000 thp=madvise argv=[--security-opt label=disable -v /home/beimfedora/Documents/Motif+BO/scripts:/probe:ro -v /home/beimfedora/Documents/Motif+BO/results:/results:ro -v /home/beimfedora/Documents/Motif+BO/results/fleet:/work localhost/motifbo-env:phase1 python3 /probe/phasep/measure_phase.py /work/_kernels/fleet_INT_14_int_min32 /work/fleet_INT_14_int_min32 all --target-ms 65.0]
2026-07-22T19:45:30Z RUN-END rc=0 no_turbo=1 gov_cpu3=performance cpu7_online=1 isolated=3,7 freq_cpu3_khz=3600000 thp=madvise
2026-07-22T20:12:15Z RUN-START PASS no_turbo=1 gov_cpu3=performance cpu7_online=1 isolated=3,7 freq_cpu3_khz=3600000 thp=madvise argv=[--security-opt label=disable -v /home/beimfedora/Documents/Motif+BO/scripts:/probe:ro -v /home/beimfedora/Documents/Motif+BO/results:/results:ro -v /home/beimfedora/Documents/Motif+BO/results/fleet:/work localhost/motifbo-env:phase1 python3 /probe/phasep/measure_phase.py /work/_kernels/fleet_INT_15_int_sumsq /work/fleet_INT_15_int_sumsq all --target-ms 65.0]
2026-07-22T20:46:55Z RUN-END rc=0 no_turbo=1 gov_cpu3=performance cpu7_online=1 isolated=3,7 freq_cpu3_khz=3600000 thp=madvise
2026-07-22T21:11:27Z RUN-START PASS no_turbo=1 gov_cpu3=performance cpu7_online=1 isolated=3,7 freq_cpu3_khz=3600000 thp=madvise argv=[--security-opt label=disable -v /home/beimfedora/Documents/Motif+BO/scripts:/probe:ro -v /home/beimfedora/Documents/Motif+BO/results:/results:ro -v /home/beimfedora/Documents/Motif+BO/results/fleet:/work localhost/motifbo-env:phase1 python3 /probe/phasep/measure_phase.py /work/_kernels/fleet_INT_16_int_max32 /work/fleet_INT_16_int_max32 all --target-ms 65.0]
2026-07-22T21:32:37Z RUN-END rc=0 no_turbo=1 gov_cpu3=performance cpu7_online=1 isolated=3,7 freq_cpu3_khz=3600000 thp=madvise
2026-07-22T21:57:12Z RUN-START PASS no_turbo=1 gov_cpu3=performance cpu7_online=1 isolated=3,7 freq_cpu3_khz=3600000 thp=madvise argv=[--security-opt label=disable -v /home/beimfedora/Documents/Motif+BO/scripts:/probe:ro -v /home/beimfedora/Documents/Motif+BO/results:/results:ro -v /home/beimfedora/Documents/Motif+BO/results/fleet:/work localhost/motifbo-env:phase1 python3 /probe/phasep/measure_phase.py /work/_kernels/fleet_INT_17_int_revsum /work/fleet_INT_17_int_revsum all --target-ms 65.0]
2026-07-22T22:23:15Z RUN-END rc=0 no_turbo=1 gov_cpu3=performance cpu7_online=1 isolated=3,7 freq_cpu3_khz=3600000 thp=madvise
2026-07-22T22:48:26Z RUN-START PASS no_turbo=1 gov_cpu3=performance cpu7_online=1 isolated=3,7 freq_cpu3_khz=3600000 thp=madvise argv=[--security-opt label=disable -v /home/beimfedora/Documents/Motif+BO/scripts:/probe:ro -v /home/beimfedora/Documents/Motif+BO/results:/results:ro -v /home/beimfedora/Documents/Motif+BO/results/fleet:/work localhost/motifbo-env:phase1 python3 /probe/phasep/measure_phase.py /work/_kernels/fleet_INT_18_int_horner64 /work/fleet_INT_18_int_horner64 all --target-ms 65.0]
2026-07-22T23:06:52Z RUN-END rc=0 no_turbo=1 gov_cpu3=performance cpu7_online=1 isolated=3,7 freq_cpu3_khz=3600000 thp=madvise
2026-07-22T23:32:03Z RUN-START PASS no_turbo=1 gov_cpu3=performance cpu7_online=1 isolated=3,7 freq_cpu3_khz=3600000 thp=madvise argv=[--security-opt label=disable -v /home/beimfedora/Documents/Motif+BO/scripts:/probe:ro -v /home/beimfedora/Documents/Motif+BO/results:/results:ro -v /home/beimfedora/Documents/Motif+BO/results/fleet:/work localhost/motifbo-env:phase1 python3 /probe/phasep/measure_phase.py /work/_kernels/fleet_INT_18_int_horner64_r3 /work/fleet_INT_18_int_horner64_r3 all --target-ms 65.0]
2026-07-23T02:47:58Z VERIFY-ONLY PASS no_turbo=1 gov_cpu3=performance cpu7_online=1 isolated=3,7 freq_cpu3_khz=3600000 thp=madvise
2026-07-23T02:48:01Z RUN-START PASS no_turbo=1 gov_cpu3=performance cpu7_online=1 isolated=3,7 freq_cpu3_khz=3600000 thp=madvise argv=[--security-opt label=disable -v /home/beimfedora/Documents/Motif+BO/scripts:/probe:ro -v /home/beimfedora/Documents/Motif+BO/results:/results:ro -v /home/beimfedora/Documents/Motif+BO/results/fleet:/work localhost/motifbo-env:phase1 python3 /probe/phasep/measure_phase.py /work/_kernels/fleet_INT_18_int_horner64_r3 /work/fleet_INT_18_int_horner64_r3 all --target-ms 65.0]
2026-07-23T03:10:18Z RUN-END rc=0 no_turbo=1 gov_cpu3=performance cpu7_online=1 isolated=3,7 freq_cpu3_khz=3600000 thp=madvise
2026-07-23T03:35:00Z RUN-START PASS no_turbo=1 gov_cpu3=performance cpu7_online=1 isolated=3,7 freq_cpu3_khz=3600000 thp=madvise argv=[--security-opt label=disable -v /home/beimfedora/Documents/Motif+BO/scripts:/probe:ro -v /home/beimfedora/Documents/Motif+BO/results:/results:ro -v /home/beimfedora/Documents/Motif+BO/results/fleet:/work localhost/motifbo-env:phase1 python3 /probe/phasep/measure_phase.py /work/_kernels/fleet_INT_19_int_horner32 /work/fleet_INT_19_int_horner32 all --target-ms 65.0]
2026-07-23T03:58:29Z RUN-END rc=0 no_turbo=1 gov_cpu3=performance cpu7_online=1 isolated=3,7 freq_cpu3_khz=3600000 thp=madvise
2026-07-23T04:22:50Z RUN-START PASS no_turbo=1 gov_cpu3=performance cpu7_online=1 isolated=3,7 freq_cpu3_khz=3600000 thp=madvise argv=[--security-opt label=disable -v /home/beimfedora/Documents/Motif+BO/scripts:/probe:ro -v /home/beimfedora/Documents/Motif+BO/results:/results:ro -v /home/beimfedora/Documents/Motif+BO/results/fleet:/work localhost/motifbo-env:phase1 python3 /probe/phasep/measure_phase.py /work/_kernels/fleet_INT_20_int_sum64_r3 /work/fleet_INT_20_int_sum64_r3 all --target-ms 65.0]
2026-07-23T04:43:40Z RUN-END rc=0 no_turbo=1 gov_cpu3=performance cpu7_online=1 isolated=3,7 freq_cpu3_khz=3600000 thp=madvise
2026-07-23T05:08:00Z RUN-START PASS no_turbo=1 gov_cpu3=performance cpu7_online=1 isolated=3,7 freq_cpu3_khz=3600000 thp=madvise argv=[--security-opt label=disable -v /home/beimfedora/Documents/Motif+BO/scripts:/probe:ro -v /home/beimfedora/Documents/Motif+BO/results:/results:ro -v /home/beimfedora/Documents/Motif+BO/results/fleet:/work localhost/motifbo-env:phase1 python3 /probe/phasep/measure_phase.py /work/_kernels/fleet_INT_21_int_min32_r1 /work/fleet_INT_21_int_min32_r1 all --target-ms 65.0]
2026-07-23T05:27:10Z RUN-END rc=0 no_turbo=1 gov_cpu3=performance cpu7_online=1 isolated=3,7 freq_cpu3_khz=3600000 thp=madvise
2026-07-23T05:51:39Z RUN-START PASS no_turbo=1 gov_cpu3=performance cpu7_online=1 isolated=3,7 freq_cpu3_khz=3600000 thp=madvise argv=[--security-opt label=disable -v /home/beimfedora/Documents/Motif+BO/scripts:/probe:ro -v /home/beimfedora/Documents/Motif+BO/results:/results:ro -v /home/beimfedora/Documents/Motif+BO/results/fleet:/work localhost/motifbo-env:phase1 python3 /probe/phasep/measure_phase.py /work/_kernels/fleet_INT_21_int_min32_r3 /work/fleet_INT_21_int_min32_r3 all --target-ms 65.0]
2026-07-23T06:16:53Z RUN-END rc=0 no_turbo=1 gov_cpu3=performance cpu7_online=1 isolated=3,7 freq_cpu3_khz=3600000 thp=madvise
2026-07-23T06:41:13Z RUN-START PASS no_turbo=1 gov_cpu3=performance cpu7_online=1 isolated=3,7 freq_cpu3_khz=3600000 thp=madvise argv=[--security-opt label=disable -v /home/beimfedora/Documents/Motif+BO/scripts:/probe:ro -v /home/beimfedora/Documents/Motif+BO/results:/results:ro -v /home/beimfedora/Documents/Motif+BO/results/fleet:/work localhost/motifbo-env:phase1 python3 /probe/phasep/measure_phase.py /work/_kernels/fleet_INT_22_int_sumsq_r1 /work/fleet_INT_22_int_sumsq_r1 all --target-ms 65.0]
2026-07-23T07:05:28Z RUN-END rc=0 no_turbo=1 gov_cpu3=performance cpu7_online=1 isolated=3,7 freq_cpu3_khz=3600000 thp=madvise
2026-07-23T07:30:20Z RUN-START PASS no_turbo=1 gov_cpu3=performance cpu7_online=1 isolated=3,7 freq_cpu3_khz=3600000 thp=madvise argv=[--security-opt label=disable -v /home/beimfedora/Documents/Motif+BO/scripts:/probe:ro -v /home/beimfedora/Documents/Motif+BO/results:/results:ro -v /home/beimfedora/Documents/Motif+BO/results/fleet:/work localhost/motifbo-env:phase1 python3 /probe/phasep/measure_phase.py /work/_kernels/fleet_INT_22_int_sumsq_r10 /work/fleet_INT_22_int_sumsq_r10 all --target-ms 65.0]
2026-07-23T07:49:41Z RUN-END rc=0 no_turbo=1 gov_cpu3=performance cpu7_online=1 isolated=3,7 freq_cpu3_khz=3600000 thp=madvise
2026-07-23T08:14:15Z RUN-START PASS no_turbo=1 gov_cpu3=performance cpu7_online=1 isolated=3,7 freq_cpu3_khz=3600000 thp=madvise argv=[--security-opt label=disable -v /home/beimfedora/Documents/Motif+BO/scripts:/probe:ro -v /home/beimfedora/Documents/Motif+BO/results:/results:ro -v /home/beimfedora/Documents/Motif+BO/results/fleet:/work localhost/motifbo-env:phase1 python3 /probe/phasep/measure_phase.py /work/_kernels/fleet_INT_23_int_max32_r6 /work/fleet_INT_23_int_max32_r6 all --target-ms 65.0]
2026-07-23T08:48:08Z RUN-END rc=0 no_turbo=1 gov_cpu3=performance cpu7_online=1 isolated=3,7 freq_cpu3_khz=3600000 thp=madvise
2026-07-23T09:12:43Z RUN-START PASS no_turbo=1 gov_cpu3=performance cpu7_online=1 isolated=3,7 freq_cpu3_khz=3600000 thp=madvise argv=[--security-opt label=disable -v /home/beimfedora/Documents/Motif+BO/scripts:/probe:ro -v /home/beimfedora/Documents/Motif+BO/results:/results:ro -v /home/beimfedora/Documents/Motif+BO/results/fleet:/work localhost/motifbo-env:phase1 python3 /probe/phasep/measure_phase.py /work/_kernels/fleet_INT_24_int_revsum_r9 /work/fleet_INT_24_int_revsum_r9 all --target-ms 65.0]
2026-07-23T09:35:55Z RUN-END rc=0 no_turbo=1 gov_cpu3=performance cpu7_online=1 isolated=3,7 freq_cpu3_khz=3600000 thp=madvise
2026-07-23T10:00:45Z RUN-START PASS no_turbo=1 gov_cpu3=performance cpu7_online=1 isolated=3,7 freq_cpu3_khz=3600000 thp=madvise argv=[--security-opt label=disable -v /home/beimfedora/Documents/Motif+BO/scripts:/probe:ro -v /home/beimfedora/Documents/Motif+BO/results:/results:ro -v /home/beimfedora/Documents/Motif+BO/results/fleet:/work localhost/motifbo-env:phase1 python3 /probe/phasep/measure_phase.py /work/_kernels/fleet_INT_27_int_sum64_r9 /work/fleet_INT_27_int_sum64_r9 all --target-ms 65.0]
2026-07-23T10:24:24Z RUN-END rc=0 no_turbo=1 gov_cpu3=performance cpu7_online=1 isolated=3,7 freq_cpu3_khz=3600000 thp=madvise
2026-07-23T10:49:00Z RUN-START PASS no_turbo=1 gov_cpu3=performance cpu7_online=1 isolated=3,7 freq_cpu3_khz=3600000 thp=madvise argv=[--security-opt label=disable -v /home/beimfedora/Documents/Motif+BO/scripts:/probe:ro -v /home/beimfedora/Documents/Motif+BO/results:/results:ro -v /home/beimfedora/Documents/Motif+BO/results/fleet:/work localhost/motifbo-env:phase1 python3 /probe/phasep/measure_phase.py /work/_kernels/fleet_INT_27_int_sum64_r12 /work/fleet_INT_27_int_sum64_r12 all --target-ms 65.0]
2026-07-23T11:12:16Z RUN-END rc=0 no_turbo=1 gov_cpu3=performance cpu7_online=1 isolated=3,7 freq_cpu3_khz=3600000 thp=madvise
2026-07-23T11:36:52Z RUN-START PASS no_turbo=1 gov_cpu3=performance cpu7_online=1 isolated=3,7 freq_cpu3_khz=3600000 thp=madvise argv=[--security-opt label=disable -v /home/beimfedora/Documents/Motif+BO/scripts:/probe:ro -v /home/beimfedora/Documents/Motif+BO/results:/results:ro -v /home/beimfedora/Documents/Motif+BO/results/fleet:/work localhost/motifbo-env:phase1 python3 /probe/phasep/measure_phase.py /work/_kernels/fleet_NULL_06_null_chase /work/fleet_NULL_06_null_chase all --target-ms 65.0]
2026-07-23T12:32:59Z RUN-END rc=0 no_turbo=1 gov_cpu3=performance cpu7_online=1 isolated=3,7 freq_cpu3_khz=3600000 thp=madvise
2026-07-23T12:57:31Z RUN-START PASS no_turbo=1 gov_cpu3=performance cpu7_online=1 isolated=3,7 freq_cpu3_khz=3600000 thp=madvise argv=[--security-opt label=disable -v /home/beimfedora/Documents/Motif+BO/scripts:/probe:ro -v /home/beimfedora/Documents/Motif+BO/results:/results:ro -v /home/beimfedora/Documents/Motif+BO/results/fleet:/work localhost/motifbo-env:phase1 python3 /probe/phasep/measure_phase.py /work/_kernels/fleet_NULL_07_null_inplace /work/fleet_NULL_07_null_inplace all --target-ms 65.0]
2026-07-23T13:26:35Z RUN-END rc=0 no_turbo=1 gov_cpu3=performance cpu7_online=1 isolated=3,7 freq_cpu3_khz=3600000 thp=madvise
2026-07-23T13:51:15Z RUN-START PASS no_turbo=1 gov_cpu3=performance cpu7_online=1 isolated=3,7 freq_cpu3_khz=3600000 thp=madvise argv=[--security-opt label=disable -v /home/beimfedora/Documents/Motif+BO/scripts:/probe:ro -v /home/beimfedora/Documents/Motif+BO/results:/results:ro -v /home/beimfedora/Documents/Motif+BO/results/fleet:/work localhost/motifbo-env:phase1 python3 /probe/phasep/measure_phase.py /work/_kernels/fleet_NULL_08_null_chasepay /work/fleet_NULL_08_null_chasepay all --target-ms 65.0]
2026-07-23T14:51:19Z RUN-END rc=0 no_turbo=1 gov_cpu3=performance cpu7_online=1 isolated=3,7 freq_cpu3_khz=3600000 thp=madvise
2026-07-23T15:15:48Z RUN-START PASS no_turbo=1 gov_cpu3=performance cpu7_online=1 isolated=3,7 freq_cpu3_khz=3600000 thp=madvise argv=[--security-opt label=disable -v /home/beimfedora/Documents/Motif+BO/scripts:/probe:ro -v /home/beimfedora/Documents/Motif+BO/results:/results:ro -v /home/beimfedora/Documents/Motif+BO/results/fleet:/work localhost/motifbo-env:phase1 python3 /probe/phasep/measure_phase.py /work/_kernels/fleet_NULL_09_null_fpchain /work/fleet_NULL_09_null_fpchain all --target-ms 65.0]
2026-07-23T15:56:10Z RUN-END rc=0 no_turbo=1 gov_cpu3=performance cpu7_online=1 isolated=3,7 freq_cpu3_khz=3600000 thp=madvise
2026-07-23T16:20:36Z RUN-START PASS no_turbo=1 gov_cpu3=performance cpu7_online=1 isolated=3,7 freq_cpu3_khz=3600000 thp=madvise argv=[--security-opt label=disable -v /home/beimfedora/Documents/Motif+BO/scripts:/probe:ro -v /home/beimfedora/Documents/Motif+BO/results:/results:ro -v /home/beimfedora/Documents/Motif+BO/results/fleet:/work localhost/motifbo-env:phase1 python3 /probe/phasep/measure_phase.py /work/_kernels/fleet_NULL_10_null_chase_r1 /work/fleet_NULL_10_null_chase_r1 all --target-ms 65.0]
2026-07-23T20:36:17Z RUN-END rc=0 no_turbo=1 gov_cpu3=performance cpu7_online=1 isolated=3,7 freq_cpu3_khz=3600000 thp=madvise
2026-07-23T21:02:47Z RUN-START PASS no_turbo=1 gov_cpu3=performance cpu7_online=1 isolated=3,7 freq_cpu3_khz=3600000 thp=madvise argv=[--security-opt label=disable -v /home/beimfedora/Documents/Motif+BO/scripts:/probe:ro -v /home/beimfedora/Documents/Motif+BO/results:/results:ro -v /home/beimfedora/Documents/Motif+BO/results/fleet:/work localhost/motifbo-env:phase1 python3 /probe/phasep/measure_phase.py /work/_kernels/fleet_NULL_10_null_chase_r2 /work/fleet_NULL_10_null_chase_r2 all --target-ms 65.0]
2026-07-23T21:41:27Z RUN-END rc=0 no_turbo=1 gov_cpu3=performance cpu7_online=1 isolated=3,7 freq_cpu3_khz=3600000 thp=madvise
2026-07-23T22:08:35Z RUN-START PASS no_turbo=1 gov_cpu3=performance cpu7_online=1 isolated=3,7 freq_cpu3_khz=3600000 thp=madvise argv=[--security-opt label=disable -v /home/beimfedora/Documents/Motif+BO/scripts:/probe:ro -v /home/beimfedora/Documents/Motif+BO/results:/results:ro -v /home/beimfedora/Documents/Motif+BO/results/fleet:/work localhost/motifbo-env:phase1 python3 /probe/phasep/measure_phase.py /work/_kernels/fleet_NULL_11_null_inplace_r6 /work/fleet_NULL_11_null_inplace_r6 all --target-ms 65.0]
2026-07-23T22:48:49Z RUN-END rc=0 no_turbo=1 gov_cpu3=performance cpu7_online=1 isolated=3,7 freq_cpu3_khz=3600000 thp=madvise
2026-07-24T00:11:25Z VERIFY-ONLY PASS no_turbo=1 gov_cpu3=performance cpu7_online=1 isolated=3,7 freq_cpu3_khz=3600000 thp=madvise
2026-07-24T00:14:23Z VERIFY-ONLY PASS no_turbo=1 gov_cpu3=performance cpu7_online=1 isolated=3,7 freq_cpu3_khz=3600000 thp=madvise
2026-07-24T00:45:53Z RUN-START PASS no_turbo=1 gov_cpu3=performance cpu7_online=1 isolated=3,7 freq_cpu3_khz=3600000 thp=madvise argv=[--security-opt label=disable -v /home/beimfedora/Documents/Motif+BO/scripts:/probe:ro -v /home/beimfedora/Documents/Motif+BO/results:/results:ro -v /home/beimfedora/Documents/Motif+BO/results/fleet/controls_a3:/work localhost/motifbo-env:phase1 python3 /probe/phasep/measure_phase.py /work/_kernels/pilot_ctrl_planted /work/pilot_ctrl_planted all --target-ms 65.0]
2026-07-24T00:54:23Z VERIFY-ONLY PASS no_turbo=1 gov_cpu3=performance cpu7_online=1 isolated=3,7 freq_cpu3_khz=3600000 thp=madvise
2026-07-24T01:00:16Z VERIFY-ONLY PASS no_turbo=1 gov_cpu3=performance cpu7_online=1 isolated=3,7 freq_cpu3_khz=3600000 thp=madvise
2026-07-24T01:00:16Z VERIFY-ONLY PASS no_turbo=1 gov_cpu3=performance cpu7_online=1 isolated=3,7 freq_cpu3_khz=3600000 thp=madvise
2026-07-24T01:00:16Z RUN-START PASS no_turbo=1 gov_cpu3=performance cpu7_online=1 isolated=3,7 freq_cpu3_khz=3600000 thp=madvise argv=[--security-opt label=disable -v /home/beimfedora/Documents/Motif+BO/scripts:/probe:ro -v /home/beimfedora/Documents/Motif+BO/results:/results:ro -v /home/beimfedora/Documents/Motif+BO/results/fleet/controls_a3:/work localhost/motifbo-env:phase1 python3 /probe/phasep/measure_phase.py /work/_kernels/pilot_ctrl_planted /work/pilot_ctrl_planted all --target-ms 65.0]
2026-07-24T01:23:35Z RUN-END rc=0 no_turbo=1 gov_cpu3=performance cpu7_online=1 isolated=3,7 freq_cpu3_khz=3600000 thp=madvise
2026-07-24T01:49:09Z RUN-START PASS no_turbo=1 gov_cpu3=performance cpu7_online=1 isolated=3,7 freq_cpu3_khz=3600000 thp=madvise argv=[--security-opt label=disable -v /home/beimfedora/Documents/Motif+BO/scripts:/probe:ro -v /home/beimfedora/Documents/Motif+BO/results:/results:ro -v /home/beimfedora/Documents/Motif+BO/results/fleet/controls_a3:/work localhost/motifbo-env:phase1 python3 /probe/phasep/measure_phase.py /work/_kernels/pilot_ctrl_flat /work/pilot_ctrl_flat all --target-ms 65.0]
2026-07-24T03:03:58Z RUN-END rc=0 no_turbo=1 gov_cpu3=performance cpu7_online=1 isolated=3,7 freq_cpu3_khz=3600000 thp=madvise
2026-07-24T03:29:15Z RUN-START PASS no_turbo=1 gov_cpu3=performance cpu7_online=1 isolated=3,7 freq_cpu3_khz=3600000 thp=madvise argv=[--security-opt label=disable -v /home/beimfedora/Documents/Motif+BO/scripts:/probe:ro -v /home/beimfedora/Documents/Motif+BO/results:/results:ro -v /home/beimfedora/Documents/Motif+BO/results/fleet/controls_a3:/work localhost/motifbo-env:phase1 python3 /probe/phasep/measure_phase.py /work/_kernels/pilot_ctrl_bcprobe /work/pilot_ctrl_bcprobe all --target-ms 65.0]
2026-07-24T04:08:11Z RUN-END rc=0 no_turbo=1 gov_cpu3=performance cpu7_online=1 isolated=3,7 freq_cpu3_khz=3600000 thp=madvise
2026-07-24T04:16:47Z VERIFY-ONLY PASS no_turbo=1 gov_cpu3=performance cpu7_online=1 isolated=3,7 freq_cpu3_khz=3600000 thp=madvise
2026-07-24T04:16:56Z VERIFY-ONLY PASS no_turbo=1 gov_cpu3=performance cpu7_online=1 isolated=3,7 freq_cpu3_khz=3600000 thp=madvise
2026-07-24T04:42:12Z RUN-START PASS no_turbo=1 gov_cpu3=performance cpu7_online=1 isolated=3,7 freq_cpu3_khz=3600000 thp=madvise argv=[--security-opt label=disable -v /home/beimfedora/Documents/Motif+BO/scripts:/probe:ro -v /home/beimfedora/Documents/Motif+BO/results:/results:ro -v /home/beimfedora/Documents/Motif+BO/results/fleet:/work localhost/motifbo-env:phase1 python3 /probe/phasep/measure_phase.py /work/_kernels/fleet_FLAT_FM_W2_50_fm_sum /work/fleet_FLAT_FM_W2_50_fm_sum all --target-ms 65.0]
2026-07-24T05:07:46Z RUN-END rc=0 no_turbo=1 gov_cpu3=performance cpu7_online=1 isolated=3,7 freq_cpu3_khz=3600000 thp=madvise
2026-07-24T05:33:15Z RUN-START PASS no_turbo=1 gov_cpu3=performance cpu7_online=1 isolated=3,7 freq_cpu3_khz=3600000 thp=madvise argv=[--security-opt label=disable -v /home/beimfedora/Documents/Motif+BO/scripts:/probe:ro -v /home/beimfedora/Documents/Motif+BO/results:/results:ro -v /home/beimfedora/Documents/Motif+BO/results/fleet:/work localhost/motifbo-env:phase1 python3 /probe/phasep/measure_phase.py /work/_kernels/fleet_MID_W2_50_mid_hist /work/fleet_MID_W2_50_mid_hist all --target-ms 65.0]
2026-07-24T06:05:48Z RUN-END rc=0 no_turbo=1 gov_cpu3=performance cpu7_online=1 isolated=3,7 freq_cpu3_khz=3600000 thp=madvise
2026-07-24T06:31:15Z RUN-START PASS no_turbo=1 gov_cpu3=performance cpu7_online=1 isolated=3,7 freq_cpu3_khz=3600000 thp=madvise argv=[--security-opt label=disable -v /home/beimfedora/Documents/Motif+BO/scripts:/probe:ro -v /home/beimfedora/Documents/Motif+BO/results:/results:ro -v /home/beimfedora/Documents/Motif+BO/results/fleet:/work localhost/motifbo-env:phase1 python3 /probe/phasep/measure_phase.py /work/_kernels/fleet_MID_W2_50_mid_hist_r1 /work/fleet_MID_W2_50_mid_hist_r1 all --target-ms 65.0]
2026-07-24T07:03:49Z RUN-END rc=0 no_turbo=1 gov_cpu3=performance cpu7_online=1 isolated=3,7 freq_cpu3_khz=3600000 thp=madvise
2026-07-24T07:29:29Z RUN-START PASS no_turbo=1 gov_cpu3=performance cpu7_online=1 isolated=3,7 freq_cpu3_khz=3600000 thp=madvise argv=[--security-opt label=disable -v /home/beimfedora/Documents/Motif+BO/scripts:/probe:ro -v /home/beimfedora/Documents/Motif+BO/results:/results:ro -v /home/beimfedora/Documents/Motif+BO/results/fleet:/work localhost/motifbo-env:phase1 python3 /probe/phasep/measure_phase.py /work/_kernels/fleet_MID_W2_50_mid_hist_r2 /work/fleet_MID_W2_50_mid_hist_r2 all --target-ms 65.0]
2026-07-24T08:02:35Z RUN-END rc=0 no_turbo=1 gov_cpu3=performance cpu7_online=1 isolated=3,7 freq_cpu3_khz=3600000 thp=madvise
2026-07-24T08:28:09Z RUN-START PASS no_turbo=1 gov_cpu3=performance cpu7_online=1 isolated=3,7 freq_cpu3_khz=3600000 thp=madvise argv=[--security-opt label=disable -v /home/beimfedora/Documents/Motif+BO/scripts:/probe:ro -v /home/beimfedora/Documents/Motif+BO/results:/results:ro -v /home/beimfedora/Documents/Motif+BO/results/fleet:/work localhost/motifbo-env:phase1 python3 /probe/phasep/measure_phase.py /work/_kernels/fleet_MID_W2_50_mid_hist_r3 /work/fleet_MID_W2_50_mid_hist_r3 all --target-ms 65.0]
2026-07-24T09:05:06Z RUN-END rc=0 no_turbo=1 gov_cpu3=performance cpu7_online=1 isolated=3,7 freq_cpu3_khz=3600000 thp=madvise
2026-07-24T09:31:08Z RUN-START PASS no_turbo=1 gov_cpu3=performance cpu7_online=1 isolated=3,7 freq_cpu3_khz=3600000 thp=madvise argv=[--security-opt label=disable -v /home/beimfedora/Documents/Motif+BO/scripts:/probe:ro -v /home/beimfedora/Documents/Motif+BO/results:/results:ro -v /home/beimfedora/Documents/Motif+BO/results/fleet:/work localhost/motifbo-env:phase1 python3 /probe/phasep/measure_phase.py /work/_kernels/fleet_LEVER_SEP_W2_50_lev_csr /work/fleet_LEVER_SEP_W2_50_lev_csr all --target-ms 65.0]
2026-07-24T10:11:44Z RUN-END rc=0 no_turbo=1 gov_cpu3=performance cpu7_online=1 isolated=3,7 freq_cpu3_khz=3600000 thp=madvise
2026-07-24T10:36:50Z RUN-START PASS no_turbo=1 gov_cpu3=performance cpu7_online=1 isolated=3,7 freq_cpu3_khz=3600000 thp=madvise argv=[--security-opt label=disable -v /home/beimfedora/Documents/Motif+BO/scripts:/probe:ro -v /home/beimfedora/Documents/Motif+BO/results:/results:ro -v /home/beimfedora/Documents/Motif+BO/results/fleet:/work localhost/motifbo-env:phase1 python3 /probe/phasep/measure_phase.py /work/_kernels/fleet_FLAT_FM_W2_51_fm_dot /work/fleet_FLAT_FM_W2_51_fm_dot all --target-ms 65.0]
2026-07-24T11:33:59Z RUN-END rc=0 no_turbo=1 gov_cpu3=performance cpu7_online=1 isolated=3,7 freq_cpu3_khz=3600000 thp=madvise
2026-07-24T11:59:08Z RUN-START PASS no_turbo=1 gov_cpu3=performance cpu7_online=1 isolated=3,7 freq_cpu3_khz=3600000 thp=madvise argv=[--security-opt label=disable -v /home/beimfedora/Documents/Motif+BO/scripts:/probe:ro -v /home/beimfedora/Documents/Motif+BO/results:/results:ro -v /home/beimfedora/Documents/Motif+BO/results/fleet:/work localhost/motifbo-env:phase1 python3 /probe/phasep/measure_phase.py /work/_kernels/fleet_MID_W2_51_mid_gatherpoly /work/fleet_MID_W2_51_mid_gatherpoly all --target-ms 65.0]
2026-07-24T12:35:41Z RUN-END rc=0 no_turbo=1 gov_cpu3=performance cpu7_online=1 isolated=3,7 freq_cpu3_khz=3600000 thp=madvise
2026-07-24T13:00:50Z RUN-START PASS no_turbo=1 gov_cpu3=performance cpu7_online=1 isolated=3,7 freq_cpu3_khz=3600000 thp=madvise argv=[--security-opt label=disable -v /home/beimfedora/Documents/Motif+BO/scripts:/probe:ro -v /home/beimfedora/Documents/Motif+BO/results:/results:ro -v /home/beimfedora/Documents/Motif+BO/results/fleet:/work localhost/motifbo-env:phase1 python3 /probe/phasep/measure_phase.py /work/_kernels/fleet_LEVER_SEP_W2_51_lev_modconst /work/fleet_LEVER_SEP_W2_51_lev_modconst all --target-ms 65.0]
2026-07-24T13:36:28Z RUN-END rc=0 no_turbo=1 gov_cpu3=performance cpu7_online=1 isolated=3,7 freq_cpu3_khz=3600000 thp=madvise
2026-07-24T14:01:55Z RUN-START PASS no_turbo=1 gov_cpu3=performance cpu7_online=1 isolated=3,7 freq_cpu3_khz=3600000 thp=madvise argv=[--security-opt label=disable -v /home/beimfedora/Documents/Motif+BO/scripts:/probe:ro -v /home/beimfedora/Documents/Motif+BO/results:/results:ro -v /home/beimfedora/Documents/Motif+BO/results/fleet:/work localhost/motifbo-env:phase1 python3 /probe/phasep/measure_phase.py /work/_kernels/fleet_FLAT_FM_W2_52_fm_sumsq /work/fleet_FLAT_FM_W2_52_fm_sumsq all --target-ms 65.0]
2026-07-24T14:01:56Z RUN-END rc=1 no_turbo=1 gov_cpu3=performance cpu7_online=1 isolated=3,7 freq_cpu3_khz=3600000 thp=madvise
2026-07-24T14:02:58Z VERIFY-ONLY PASS no_turbo=1 gov_cpu3=performance cpu7_online=1 isolated=3,7 freq_cpu3_khz=3600000 thp=madvise
2026-07-24T14:04:00Z VERIFY-ONLY PASS no_turbo=1 gov_cpu3=performance cpu7_online=1 isolated=3,7 freq_cpu3_khz=3600000 thp=madvise
2026-07-24T14:29:15Z RUN-START PASS no_turbo=1 gov_cpu3=performance cpu7_online=1 isolated=3,7 freq_cpu3_khz=3600000 thp=madvise argv=[--security-opt label=disable -v /home/beimfedora/Documents/Motif+BO/scripts:/probe:ro -v /home/beimfedora/Documents/Motif+BO/results:/results:ro -v /home/beimfedora/Documents/Motif+BO/results/fleet:/work localhost/motifbo-env:phase1 python3 /probe/phasep/measure_phase.py /work/_kernels/fleet_FLAT_FM_W2_52_fm_sumsq /work/fleet_FLAT_FM_W2_52_fm_sumsq all --target-ms 65.0]
2026-07-24T14:54:47Z RUN-END rc=0 no_turbo=1 gov_cpu3=performance cpu7_online=1 isolated=3,7 freq_cpu3_khz=3600000 thp=madvise
2026-07-24T15:20:08Z RUN-START PASS no_turbo=1 gov_cpu3=performance cpu7_online=1 isolated=3,7 freq_cpu3_khz=3600000 thp=madvise argv=[--security-opt label=disable -v /home/beimfedora/Documents/Motif+BO/scripts:/probe:ro -v /home/beimfedora/Documents/Motif+BO/results:/results:ro -v /home/beimfedora/Documents/Motif+BO/results/fleet:/work localhost/motifbo-env:phase1 python3 /probe/phasep/measure_phase.py /work/_kernels/fleet_MID_W2_52_mid_hist /work/fleet_MID_W2_52_mid_hist all --target-ms 65.0]
2026-07-24T15:44:58Z RUN-END rc=0 no_turbo=1 gov_cpu3=performance cpu7_online=1 isolated=3,7 freq_cpu3_khz=3600000 thp=madvise
2026-07-24T16:10:26Z RUN-START PASS no_turbo=1 gov_cpu3=performance cpu7_online=1 isolated=3,7 freq_cpu3_khz=3600000 thp=madvise argv=[--security-opt label=disable -v /home/beimfedora/Documents/Motif+BO/scripts:/probe:ro -v /home/beimfedora/Documents/Motif+BO/results:/results:ro -v /home/beimfedora/Documents/Motif+BO/results/fleet:/work localhost/motifbo-env:phase1 python3 /probe/phasep/measure_phase.py /work/_kernels/fleet_MID_W2_52_mid_hist_r1 /work/fleet_MID_W2_52_mid_hist_r1 all --target-ms 65.0]
2026-07-24T16:15:33Z VERIFY-ONLY PASS no_turbo=1 gov_cpu3=performance cpu7_online=1 isolated=3,7 freq_cpu3_khz=3600000 thp=madvise
2026-07-24T16:15:33Z VERIFY-ONLY PASS no_turbo=1 gov_cpu3=performance cpu7_online=1 isolated=3,7 freq_cpu3_khz=3600000 thp=madvise
2026-07-24T16:15:34Z RUN-START PASS no_turbo=1 gov_cpu3=performance cpu7_online=1 isolated=3,7 freq_cpu3_khz=3600000 thp=madvise argv=[--security-opt label=disable -v /home/beimfedora/Documents/Motif+BO/scripts:/probe:ro -v /home/beimfedora/Documents/Motif+BO/results:/results:ro -v /home/beimfedora/Documents/Motif+BO/results/fleet:/work localhost/motifbo-env:phase1 python3 /probe/phasep/measure_phase.py /work/_kernels/fleet_MID_W2_52_mid_hist_r1 /work/fleet_MID_W2_52_mid_hist_r1 all --target-ms 65.0]
2026-07-24T16:40:29Z RUN-END rc=0 no_turbo=1 gov_cpu3=performance cpu7_online=1 isolated=3,7 freq_cpu3_khz=3600000 thp=madvise
2026-07-24T16:58:50Z VERIFY-ONLY PASS no_turbo=1 gov_cpu3=performance cpu7_online=1 isolated=3,7 freq_cpu3_khz=3600000 thp=madvise
2026-07-24T17:00:21Z VERIFY-ONLY PASS no_turbo=1 gov_cpu3=performance cpu7_online=1 isolated=3,7 freq_cpu3_khz=3600000 thp=madvise
2026-07-24T17:27:16Z RUN-START PASS no_turbo=1 gov_cpu3=performance cpu7_online=1 isolated=3,7 freq_cpu3_khz=3600000 thp=madvise argv=[--security-opt label=disable -v /home/beimfedora/Documents/Motif+BO/scripts:/probe:ro -v /home/beimfedora/Documents/Motif+BO/results:/results:ro -v /home/beimfedora/Documents/Motif+BO/results/fleet:/work localhost/motifbo-env:phase1 python3 /probe/phasep/measure_phase.py /work/_kernels/fleet_MID_W2_52_mid_hist_r2 /work/fleet_MID_W2_52_mid_hist_r2 all --target-ms 65.0]
2026-07-24T17:52:14Z RUN-END rc=0 no_turbo=1 gov_cpu3=performance cpu7_online=1 isolated=3,7 freq_cpu3_khz=3600000 thp=madvise
2026-07-24T17:57:57Z VERIFY-ONLY PASS no_turbo=1 gov_cpu3=performance cpu7_online=1 isolated=3,7 freq_cpu3_khz=3600000 thp=madvise
2026-07-24T17:58:54Z VERIFY-ONLY PASS no_turbo=1 gov_cpu3=performance cpu7_online=1 isolated=3,7 freq_cpu3_khz=3600000 thp=madvise
2026-07-24T18:12:52Z VERIFY-ONLY PASS no_turbo=1 gov_cpu3=performance cpu7_online=1 isolated=3,7 freq_cpu3_khz=3600000 thp=madvise
2026-07-24T18:13:28Z VERIFY-ONLY PASS no_turbo=1 gov_cpu3=performance cpu7_online=1 isolated=3,7 freq_cpu3_khz=3600000 thp=madvise
2026-07-24T18:38:02Z RUN-START PASS no_turbo=1 gov_cpu3=performance cpu7_online=1 isolated=3,7 freq_cpu3_khz=3600000 thp=madvise argv=[--security-opt label=disable -v /home/beimfedora/Documents/Motif+BO/scripts:/probe:ro -v /home/beimfedora/Documents/Motif+BO/results:/results:ro -v /home/beimfedora/Documents/Motif+BO/results/fleet:/work localhost/motifbo-env:phase1 python3 /probe/phasep/measure_phase.py /work/_kernels/fleet_MID_W2_52_mid_hist_r3 /work/fleet_MID_W2_52_mid_hist_r3 all --target-ms 65.0]
2026-07-24T19:04:41Z RUN-END rc=0 no_turbo=1 gov_cpu3=performance cpu7_online=1 isolated=3,7 freq_cpu3_khz=3600000 thp=madvise
2026-07-24T19:29:40Z RUN-START PASS no_turbo=1 gov_cpu3=performance cpu7_online=1 isolated=3,7 freq_cpu3_khz=3600000 thp=madvise argv=[--security-opt label=disable -v /home/beimfedora/Documents/Motif+BO/scripts:/probe:ro -v /home/beimfedora/Documents/Motif+BO/results:/results:ro -v /home/beimfedora/Documents/Motif+BO/results/fleet:/work localhost/motifbo-env:phase1 python3 /probe/phasep/measure_phase.py /work/_kernels/fleet_LEVER_SEP_W2_52_lev_axpy /work/fleet_LEVER_SEP_W2_52_lev_axpy all --target-ms 65.0]
2026-07-24T20:04:48Z RUN-END rc=0 no_turbo=1 gov_cpu3=performance cpu7_online=1 isolated=3,7 freq_cpu3_khz=3600000 thp=madvise
2026-07-24T20:29:42Z RUN-START PASS no_turbo=1 gov_cpu3=performance cpu7_online=1 isolated=3,7 freq_cpu3_khz=3600000 thp=madvise argv=[--security-opt label=disable -v /home/beimfedora/Documents/Motif+BO/scripts:/probe:ro -v /home/beimfedora/Documents/Motif+BO/results:/results:ro -v /home/beimfedora/Documents/Motif+BO/results/fleet:/work localhost/motifbo-env:phase1 python3 /probe/phasep/measure_phase.py /work/_kernels/fleet_LEVER_SEP_W2_52_lev_axpy_r1 /work/fleet_LEVER_SEP_W2_52_lev_axpy_r1 all --target-ms 65.0]
2026-07-24T21:02:17Z RUN-END rc=0 no_turbo=1 gov_cpu3=performance cpu7_online=1 isolated=3,7 freq_cpu3_khz=3600000 thp=madvise
2026-07-24T21:26:46Z RUN-START PASS no_turbo=1 gov_cpu3=performance cpu7_online=1 isolated=3,7 freq_cpu3_khz=3600000 thp=madvise argv=[--security-opt label=disable -v /home/beimfedora/Documents/Motif+BO/scripts:/probe:ro -v /home/beimfedora/Documents/Motif+BO/results:/results:ro -v /home/beimfedora/Documents/Motif+BO/results/fleet:/work localhost/motifbo-env:phase1 python3 /probe/phasep/measure_phase.py /work/_kernels/fleet_FLAT_FM_W2_53_fm_sum /work/fleet_FLAT_FM_W2_53_fm_sum all --target-ms 65.0]
2026-07-24T22:00:35Z RUN-END rc=0 no_turbo=1 gov_cpu3=performance cpu7_online=1 isolated=3,7 freq_cpu3_khz=3600000 thp=madvise
2026-07-24T22:25:04Z RUN-START PASS no_turbo=1 gov_cpu3=performance cpu7_online=1 isolated=3,7 freq_cpu3_khz=3600000 thp=madvise argv=[--security-opt label=disable -v /home/beimfedora/Documents/Motif+BO/scripts:/probe:ro -v /home/beimfedora/Documents/Motif+BO/results:/results:ro -v /home/beimfedora/Documents/Motif+BO/results/fleet:/work localhost/motifbo-env:phase1 python3 /probe/phasep/measure_phase.py /work/_kernels/fleet_FLAT_FM_W2_53_fm_sum_r1 /work/fleet_FLAT_FM_W2_53_fm_sum_r1 all --target-ms 65.0]
2026-07-24T23:14:54Z RUN-END rc=0 no_turbo=1 gov_cpu3=performance cpu7_online=1 isolated=3,7 freq_cpu3_khz=3600000 thp=madvise
2026-07-24T23:39:33Z RUN-START PASS no_turbo=1 gov_cpu3=performance cpu7_online=1 isolated=3,7 freq_cpu3_khz=3600000 thp=madvise argv=[--security-opt label=disable -v /home/beimfedora/Documents/Motif+BO/scripts:/probe:ro -v /home/beimfedora/Documents/Motif+BO/results:/results:ro -v /home/beimfedora/Documents/Motif+BO/results/fleet:/work localhost/motifbo-env:phase1 python3 /probe/phasep/measure_phase.py /work/_kernels/fleet_MID_W2_53_mid_gatherpoly /work/fleet_MID_W2_53_mid_gatherpoly all --target-ms 65.0]
2026-07-25T00:20:03Z RUN-END rc=0 no_turbo=1 gov_cpu3=performance cpu7_online=1 isolated=3,7 freq_cpu3_khz=3600000 thp=madvise
2026-07-25T00:44:22Z RUN-START PASS no_turbo=1 gov_cpu3=performance cpu7_online=1 isolated=3,7 freq_cpu3_khz=3600000 thp=madvise argv=[--security-opt label=disable -v /home/beimfedora/Documents/Motif+BO/scripts:/probe:ro -v /home/beimfedora/Documents/Motif+BO/results:/results:ro -v /home/beimfedora/Documents/Motif+BO/results/fleet:/work localhost/motifbo-env:phase1 python3 /probe/phasep/measure_phase.py /work/_kernels/fleet_LEVER_SEP_W2_53_int_sum64 /work/fleet_LEVER_SEP_W2_53_int_sum64 all --target-ms 65.0]
2026-07-25T08:01:16Z VERIFY-ONLY PASS no_turbo=1 gov_cpu3=performance cpu7_online=1 isolated=3,7 freq_cpu3_khz=3600000 thp=madvise
2026-07-25T08:02:26Z VERIFY-ONLY PASS no_turbo=1 gov_cpu3=performance cpu7_online=1 isolated=3,7 freq_cpu3_khz=3600000 thp=madvise
2026-07-25T08:03:30Z RUN-START PASS no_turbo=1 gov_cpu3=performance cpu7_online=1 isolated=3,7 freq_cpu3_khz=3600000 thp=madvise argv=[--security-opt label=disable -e PYTHONPATH=/src -v /home/beimfedora/Documents/Motif+BO/scripts:/probe:ro -v /home/beimfedora/Documents/Motif+BO/src:/src:ro -v /home/beimfedora/Documents/Motif+BO/results:/results:ro -v /home/beimfedora/Documents/Motif+BO/results/cli_v0/ws:/work localhost/motifbo-env:phase1 python3 -m cytune.worker golden /work/_kernels/toy_running_max /work/toy_running_max 65.0]
2026-07-25T08:03:33Z RUN-END rc=0 no_turbo=1 gov_cpu3=performance cpu7_online=1 isolated=3,7 freq_cpu3_khz=3600000 thp=madvise
2026-07-25T08:03:33Z RUN-START PASS no_turbo=1 gov_cpu3=performance cpu7_online=1 isolated=3,7 freq_cpu3_khz=3600000 thp=madvise argv=[--security-opt label=disable -e PYTHONPATH=/src -v /home/beimfedora/Documents/Motif+BO/scripts:/probe:ro -v /home/beimfedora/Documents/Motif+BO/src:/src:ro -v /home/beimfedora/Documents/Motif+BO/results:/results:ro -v /home/beimfedora/Documents/Motif+BO/results/cli_v0/ws:/work localhost/motifbo-env:phase1 python3 -m cytune.worker measure /work/_kernels/toy_running_max /work/toy_running_max probe]
2026-07-25T08:03:46Z RUN-END rc=0 no_turbo=1 gov_cpu3=performance cpu7_online=1 isolated=3,7 freq_cpu3_khz=3600000 thp=madvise
2026-07-25T08:04:39Z RUN-START PASS no_turbo=1 gov_cpu3=performance cpu7_online=1 isolated=3,7 freq_cpu3_khz=3600000 thp=madvise argv=[--security-opt label=disable -e PYTHONPATH=/src -v /home/beimfedora/Documents/Motif+BO/scripts:/probe:ro -v /home/beimfedora/Documents/Motif+BO/src:/src:ro -v /home/beimfedora/Documents/Motif+BO/results:/results:ro -v /home/beimfedora/Documents/Motif+BO/results/cli_v0/ws:/work localhost/motifbo-env:phase1 python3 -m cytune.worker measure /work/_kernels/toy_running_max /work/toy_running_max 34,92,103,443,581,612,817,991,1032,1082,1176,1254,1274,1433,1510]
2026-07-25T08:04:49Z RUN-END rc=0 no_turbo=1 gov_cpu3=performance cpu7_online=1 isolated=3,7 freq_cpu3_khz=3600000 thp=madvise
2026-07-25T08:04:55Z RUN-START PASS no_turbo=1 gov_cpu3=performance cpu7_online=1 isolated=3,7 freq_cpu3_khz=3600000 thp=madvise argv=[--security-opt label=disable -e PYTHONPATH=/src -v /home/beimfedora/Documents/Motif+BO/scripts:/probe:ro -v /home/beimfedora/Documents/Motif+BO/src:/src:ro -v /home/beimfedora/Documents/Motif+BO/results:/results:ro -v /home/beimfedora/Documents/Motif+BO/results/cli_v0/ws:/work localhost/motifbo-env:phase1 python3 -m cytune.worker measure /work/_kernels/toy_running_max /work/toy_running_max 1726]
2026-07-25T08:04:56Z RUN-END rc=0 no_turbo=1 gov_cpu3=performance cpu7_online=1 isolated=3,7 freq_cpu3_khz=3600000 thp=madvise
2026-07-25T08:04:56Z RUN-START PASS no_turbo=1 gov_cpu3=performance cpu7_online=1 isolated=3,7 freq_cpu3_khz=3600000 thp=madvise argv=[--security-opt label=disable -e PYTHONPATH=/src -v /home/beimfedora/Documents/Motif+BO/scripts:/probe:ro -v /home/beimfedora/Documents/Motif+BO/src:/src:ro -v /home/beimfedora/Documents/Motif+BO/results:/results:ro -v /home/beimfedora/Documents/Motif+BO/results/cli_v0/ws:/work localhost/motifbo-env:phase1 python3 -m cytune.worker endpoint /work/_kernels/toy_running_max /work/toy_running_max 288,1510]
2026-07-25T08:05:08Z RUN-END rc=0 no_turbo=1 gov_cpu3=performance cpu7_online=1 isolated=3,7 freq_cpu3_khz=3600000 thp=madvise
2026-07-25T08:06:11Z VERIFY-ONLY PASS no_turbo=1 gov_cpu3=performance cpu7_online=1 isolated=3,7 freq_cpu3_khz=3600000 thp=madvise
2026-07-25T08:06:11Z RUN-START PASS no_turbo=1 gov_cpu3=performance cpu7_online=1 isolated=3,7 freq_cpu3_khz=3600000 thp=madvise argv=[--security-opt label=disable -e PYTHONPATH=/src -v /home/beimfedora/Documents/Motif+BO/scripts:/probe:ro -v /home/beimfedora/Documents/Motif+BO/src:/src:ro -v /home/beimfedora/Documents/Motif+BO/results:/results:ro -v /home/beimfedora/Documents/Motif+BO/results/cli_v0/ws:/work localhost/motifbo-env:phase1 python3 -m cytune.worker golden /work/_kernels/toy_running_max /work/toy_running_max 65.0]
2026-07-25T08:06:14Z RUN-END rc=0 no_turbo=1 gov_cpu3=performance cpu7_online=1 isolated=3,7 freq_cpu3_khz=3600000 thp=madvise
2026-07-25T08:06:14Z RUN-START PASS no_turbo=1 gov_cpu3=performance cpu7_online=1 isolated=3,7 freq_cpu3_khz=3600000 thp=madvise argv=[--security-opt label=disable -e PYTHONPATH=/src -v /home/beimfedora/Documents/Motif+BO/scripts:/probe:ro -v /home/beimfedora/Documents/Motif+BO/src:/src:ro -v /home/beimfedora/Documents/Motif+BO/results:/results:ro -v /home/beimfedora/Documents/Motif+BO/results/cli_v0/ws:/work localhost/motifbo-env:phase1 python3 -m cytune.worker measure /work/_kernels/toy_running_max /work/toy_running_max probe]
2026-07-25T08:06:15Z RUN-END rc=0 no_turbo=1 gov_cpu3=performance cpu7_online=1 isolated=3,7 freq_cpu3_khz=3600000 thp=madvise
2026-07-25T08:06:16Z RUN-START PASS no_turbo=1 gov_cpu3=performance cpu7_online=1 isolated=3,7 freq_cpu3_khz=3600000 thp=madvise argv=[--security-opt label=disable -e PYTHONPATH=/src -v /home/beimfedora/Documents/Motif+BO/scripts:/probe:ro -v /home/beimfedora/Documents/Motif+BO/src:/src:ro -v /home/beimfedora/Documents/Motif+BO/results:/results:ro -v /home/beimfedora/Documents/Motif+BO/results/cli_v0/ws:/work localhost/motifbo-env:phase1 python3 -m cytune.worker measure /work/_kernels/toy_running_max /work/toy_running_max 34,92,103,443,581,612,817,991,1032,1082,1176,1254,1274,1433,1510]
2026-07-25T08:06:16Z RUN-END rc=0 no_turbo=1 gov_cpu3=performance cpu7_online=1 isolated=3,7 freq_cpu3_khz=3600000 thp=madvise
2026-07-25T08:06:23Z RUN-START PASS no_turbo=1 gov_cpu3=performance cpu7_online=1 isolated=3,7 freq_cpu3_khz=3600000 thp=madvise argv=[--security-opt label=disable -e PYTHONPATH=/src -v /home/beimfedora/Documents/Motif+BO/scripts:/probe:ro -v /home/beimfedora/Documents/Motif+BO/src:/src:ro -v /home/beimfedora/Documents/Motif+BO/results:/results:ro -v /home/beimfedora/Documents/Motif+BO/results/cli_v0/ws:/work localhost/motifbo-env:phase1 python3 -m cytune.worker measure /work/_kernels/toy_running_max /work/toy_running_max 1618]
2026-07-25T08:06:23Z RUN-END rc=0 no_turbo=1 gov_cpu3=performance cpu7_online=1 isolated=3,7 freq_cpu3_khz=3600000 thp=madvise
2026-07-25T08:06:23Z RUN-START PASS no_turbo=1 gov_cpu3=performance cpu7_online=1 isolated=3,7 freq_cpu3_khz=3600000 thp=madvise argv=[--security-opt label=disable -e PYTHONPATH=/src -v /home/beimfedora/Documents/Motif+BO/scripts:/probe:ro -v /home/beimfedora/Documents/Motif+BO/src:/src:ro -v /home/beimfedora/Documents/Motif+BO/results:/results:ro -v /home/beimfedora/Documents/Motif+BO/results/cli_v0/ws:/work localhost/motifbo-env:phase1 python3 -m cytune.worker endpoint /work/_kernels/toy_running_max /work/toy_running_max 288,1510]
2026-07-25T08:06:35Z RUN-END rc=0 no_turbo=1 gov_cpu3=performance cpu7_online=1 isolated=3,7 freq_cpu3_khz=3600000 thp=madvise
2026-07-25T08:06:42Z VERIFY-ONLY PASS no_turbo=1 gov_cpu3=performance cpu7_online=1 isolated=3,7 freq_cpu3_khz=3600000 thp=madvise
2026-07-25T08:07:50Z RUN-START PASS no_turbo=1 gov_cpu3=performance cpu7_online=1 isolated=3,7 freq_cpu3_khz=3600000 thp=madvise argv=[--security-opt label=disable -e PYTHONPATH=/src -v /home/beimfedora/Documents/Motif+BO/scripts:/probe:ro -v /home/beimfedora/Documents/Motif+BO/src:/src:ro -v /home/beimfedora/Documents/Motif+BO/results:/results:ro -v /home/beimfedora/Documents/Motif+BO/results/cli_v0/ws:/work localhost/motifbo-env:phase1 python3 -m cytune.worker golden /work/_kernels/pilot_C_01 /work/pilot_C_01 65.0]
2026-07-25T08:07:54Z RUN-END rc=0 no_turbo=1 gov_cpu3=performance cpu7_online=1 isolated=3,7 freq_cpu3_khz=3600000 thp=madvise
2026-07-25T08:07:54Z RUN-START PASS no_turbo=1 gov_cpu3=performance cpu7_online=1 isolated=3,7 freq_cpu3_khz=3600000 thp=madvise argv=[--security-opt label=disable -e PYTHONPATH=/src -v /home/beimfedora/Documents/Motif+BO/scripts:/probe:ro -v /home/beimfedora/Documents/Motif+BO/src:/src:ro -v /home/beimfedora/Documents/Motif+BO/results:/results:ro -v /home/beimfedora/Documents/Motif+BO/results/cli_v0/ws:/work localhost/motifbo-env:phase1 python3 -m cytune.worker measure /work/_kernels/pilot_C_01 /work/pilot_C_01 probe]
2026-07-25T08:08:05Z RUN-END rc=0 no_turbo=1 gov_cpu3=performance cpu7_online=1 isolated=3,7 freq_cpu3_khz=3600000 thp=madvise
2026-07-25T08:08:06Z RUN-START PASS no_turbo=1 gov_cpu3=performance cpu7_online=1 isolated=3,7 freq_cpu3_khz=3600000 thp=madvise argv=[--security-opt label=disable -e PYTHONPATH=/src -v /home/beimfedora/Documents/Motif+BO/scripts:/probe:ro -v /home/beimfedora/Documents/Motif+BO/src:/src:ro -v /home/beimfedora/Documents/Motif+BO/results:/results:ro -v /home/beimfedora/Documents/Motif+BO/results/cli_v0/ws:/work localhost/motifbo-env:phase1 python3 -m cytune.worker endpoint /work/_kernels/pilot_C_01 /work/pilot_C_01 193,288]
2026-07-25T08:08:21Z RUN-END rc=0 no_turbo=1 gov_cpu3=performance cpu7_online=1 isolated=3,7 freq_cpu3_khz=3600000 thp=madvise
2026-07-25T08:09:49Z VERIFY-ONLY PASS no_turbo=1 gov_cpu3=performance cpu7_online=1 isolated=3,7 freq_cpu3_khz=3600000 thp=madvise
2026-07-25T08:09:50Z RUN-START PASS no_turbo=1 gov_cpu3=performance cpu7_online=1 isolated=3,7 freq_cpu3_khz=3600000 thp=madvise argv=[--security-opt label=disable -e PYTHONPATH=/src -v /home/beimfedora/Documents/Motif+BO/scripts:/probe:ro -v /home/beimfedora/Documents/Motif+BO/src:/src:ro -v /home/beimfedora/Documents/Motif+BO/results:/results:ro -v /home/beimfedora/Documents/Motif+BO/results/cli_v0/ws:/work localhost/motifbo-env:phase1 python3 -m cytune.worker golden /work/_kernels/pilot_C_01 /work/pilot_C_01 65.0]
2026-07-25T08:09:54Z RUN-END rc=0 no_turbo=1 gov_cpu3=performance cpu7_online=1 isolated=3,7 freq_cpu3_khz=3600000 thp=madvise
2026-07-25T08:09:54Z RUN-START PASS no_turbo=1 gov_cpu3=performance cpu7_online=1 isolated=3,7 freq_cpu3_khz=3600000 thp=madvise argv=[--security-opt label=disable -e PYTHONPATH=/src -v /home/beimfedora/Documents/Motif+BO/scripts:/probe:ro -v /home/beimfedora/Documents/Motif+BO/src:/src:ro -v /home/beimfedora/Documents/Motif+BO/results:/results:ro -v /home/beimfedora/Documents/Motif+BO/results/cli_v0/ws:/work localhost/motifbo-env:phase1 python3 -m cytune.worker measure /work/_kernels/pilot_C_01 /work/pilot_C_01 probe]
2026-07-25T08:09:55Z RUN-END rc=0 no_turbo=1 gov_cpu3=performance cpu7_online=1 isolated=3,7 freq_cpu3_khz=3600000 thp=madvise
2026-07-25T08:09:56Z RUN-START PASS no_turbo=1 gov_cpu3=performance cpu7_online=1 isolated=3,7 freq_cpu3_khz=3600000 thp=madvise argv=[--security-opt label=disable -e PYTHONPATH=/src -v /home/beimfedora/Documents/Motif+BO/scripts:/probe:ro -v /home/beimfedora/Documents/Motif+BO/src:/src:ro -v /home/beimfedora/Documents/Motif+BO/results:/results:ro -v /home/beimfedora/Documents/Motif+BO/results/cli_v0/ws:/work localhost/motifbo-env:phase1 python3 -m cytune.worker endpoint /work/_kernels/pilot_C_01 /work/pilot_C_01 193,288]
2026-07-25T08:10:11Z RUN-END rc=0 no_turbo=1 gov_cpu3=performance cpu7_online=1 isolated=3,7 freq_cpu3_khz=3600000 thp=madvise
2026-07-25T08:10:26Z VERIFY-ONLY PASS no_turbo=1 gov_cpu3=performance cpu7_online=1 isolated=3,7 freq_cpu3_khz=3600000 thp=madvise
2026-07-25T08:11:34Z RUN-START PASS no_turbo=1 gov_cpu3=performance cpu7_online=1 isolated=3,7 freq_cpu3_khz=3600000 thp=madvise argv=[--security-opt label=disable -e PYTHONPATH=/src -v /home/beimfedora/Documents/Motif+BO/scripts:/probe:ro -v /home/beimfedora/Documents/Motif+BO/src:/src:ro -v /home/beimfedora/Documents/Motif+BO/results:/results:ro -v /home/beimfedora/Documents/Motif+BO/results/cli_v0/ws:/work localhost/motifbo-env:phase1 python3 -m cytune.worker golden /work/_kernels/pilot_ctrl_planted /work/pilot_ctrl_planted 65.0]
2026-07-25T08:11:42Z RUN-END rc=0 no_turbo=1 gov_cpu3=performance cpu7_online=1 isolated=3,7 freq_cpu3_khz=3600000 thp=madvise
2026-07-25T08:11:42Z RUN-START PASS no_turbo=1 gov_cpu3=performance cpu7_online=1 isolated=3,7 freq_cpu3_khz=3600000 thp=madvise argv=[--security-opt label=disable -e PYTHONPATH=/src -v /home/beimfedora/Documents/Motif+BO/scripts:/probe:ro -v /home/beimfedora/Documents/Motif+BO/src:/src:ro -v /home/beimfedora/Documents/Motif+BO/results:/results:ro -v /home/beimfedora/Documents/Motif+BO/results/cli_v0/ws:/work localhost/motifbo-env:phase1 python3 -m cytune.worker measure /work/_kernels/pilot_ctrl_planted /work/pilot_ctrl_planted probe]
2026-07-25T08:11:54Z RUN-END rc=0 no_turbo=1 gov_cpu3=performance cpu7_online=1 isolated=3,7 freq_cpu3_khz=3600000 thp=madvise
2026-07-25T08:13:10Z RUN-START PASS no_turbo=1 gov_cpu3=performance cpu7_online=1 isolated=3,7 freq_cpu3_khz=3600000 thp=madvise argv=[--security-opt label=disable -e PYTHONPATH=/src -v /home/beimfedora/Documents/Motif+BO/scripts:/probe:ro -v /home/beimfedora/Documents/Motif+BO/src:/src:ro -v /home/beimfedora/Documents/Motif+BO/results:/results:ro -v /home/beimfedora/Documents/Motif+BO/results/cli_v0/ws:/work localhost/motifbo-env:phase1 python3 -m cytune.worker measure /work/_kernels/pilot_ctrl_planted /work/pilot_ctrl_planted 36,80,84,108,167,198,215,334,467,485,508,759,796,838,896,908,929,1030,1080,1151,1326,1450,1482,1694]
2026-07-25T08:13:26Z RUN-END rc=0 no_turbo=1 gov_cpu3=performance cpu7_online=1 isolated=3,7 freq_cpu3_khz=3600000 thp=madvise
2026-07-25T08:13:51Z RUN-START PASS no_turbo=1 gov_cpu3=performance cpu7_online=1 isolated=3,7 freq_cpu3_khz=3600000 thp=madvise argv=[--security-opt label=disable -e PYTHONPATH=/src -v /home/beimfedora/Documents/Motif+BO/scripts:/probe:ro -v /home/beimfedora/Documents/Motif+BO/src:/src:ro -v /home/beimfedora/Documents/Motif+BO/results:/results:ro -v /home/beimfedora/Documents/Motif+BO/results/cli_v0/ws:/work localhost/motifbo-env:phase1 python3 -m cytune.worker measure /work/_kernels/pilot_ctrl_planted /work/pilot_ctrl_planted 1456,1666,1453,1018,1504,1672,1024,1669]
2026-07-25T08:13:53Z RUN-END rc=0 no_turbo=1 gov_cpu3=performance cpu7_online=1 isolated=3,7 freq_cpu3_khz=3600000 thp=madvise
2026-07-25T08:13:53Z RUN-START PASS no_turbo=1 gov_cpu3=performance cpu7_online=1 isolated=3,7 freq_cpu3_khz=3600000 thp=madvise argv=[--security-opt label=disable -e PYTHONPATH=/src -v /home/beimfedora/Documents/Motif+BO/scripts:/probe:ro -v /home/beimfedora/Documents/Motif+BO/src:/src:ro -v /home/beimfedora/Documents/Motif+BO/results:/results:ro -v /home/beimfedora/Documents/Motif+BO/results/cli_v0/ws:/work localhost/motifbo-env:phase1 python3 -m cytune.worker endpoint /work/_kernels/pilot_ctrl_planted /work/pilot_ctrl_planted 288,1018]
2026-07-25T08:14:02Z RUN-END rc=0 no_turbo=1 gov_cpu3=performance cpu7_online=1 isolated=3,7 freq_cpu3_khz=3600000 thp=madvise
2026-07-25T22:36:39Z VERIFY-ONLY PASS no_turbo=1 gov_cpu3=performance cpu7_online=1 isolated=3,7 freq_cpu3_khz=3600000 thp=madvise
2026-07-25T22:36:40Z RUN-START PASS no_turbo=1 gov_cpu3=performance cpu7_online=1 isolated=3,7 freq_cpu3_khz=3600000 thp=madvise argv=[--security-opt label=disable -e PYTHONPATH=/src -v /home/beimfedora/Documents/Motif+BO/scripts:/probe:ro -v /home/beimfedora/Documents/Motif+BO/src:/src:ro -v /home/beimfedora/Documents/Motif+BO/results:/results:ro -v /home/beimfedora/Documents/Motif+BO/results/cli_v0/ws:/work localhost/motifbo-env:phase1 python3 -m cytune.worker golden /work/_kernels/pilot_C_01 /work/pilot_C_01 65.0]
2026-07-25T22:36:40Z RUN-END rc=1 no_turbo=1 gov_cpu3=performance cpu7_online=1 isolated=3,7 freq_cpu3_khz=3600000 thp=madvise
2026-07-25T22:37:37Z VERIFY-ONLY PASS no_turbo=1 gov_cpu3=performance cpu7_online=1 isolated=3,7 freq_cpu3_khz=3600000 thp=madvise
2026-07-25T22:38:42Z RUN-START PASS no_turbo=1 gov_cpu3=performance cpu7_online=1 isolated=3,7 freq_cpu3_khz=3600000 thp=madvise argv=[--security-opt label=disable -e PYTHONPATH=/src -v /home/beimfedora/Documents/Motif+BO/scripts:/probe:ro -v /home/beimfedora/Documents/Motif+BO/src:/src:ro -v /home/beimfedora/Documents/Motif+BO/results:/results:ro -v /home/beimfedora/Documents/Motif+BO/results/cli_v0/ws:/work localhost/motifbo-env:phase1 python3 -m cytune.worker golden /work/_kernels/pilot_C_01 /work/pilot_C_01 65.0]
2026-07-25T22:38:46Z RUN-END rc=0 no_turbo=1 gov_cpu3=performance cpu7_online=1 isolated=3,7 freq_cpu3_khz=3600000 thp=madvise
2026-07-25T22:38:46Z RUN-START PASS no_turbo=1 gov_cpu3=performance cpu7_online=1 isolated=3,7 freq_cpu3_khz=3600000 thp=madvise argv=[--security-opt label=disable -e PYTHONPATH=/src -v /home/beimfedora/Documents/Motif+BO/scripts:/probe:ro -v /home/beimfedora/Documents/Motif+BO/src:/src:ro -v /home/beimfedora/Documents/Motif+BO/results:/results:ro -v /home/beimfedora/Documents/Motif+BO/results/cli_v0/ws:/work localhost/motifbo-env:phase1 python3 -m cytune.worker measure /work/_kernels/pilot_C_01 /work/pilot_C_01 probe]
2026-07-25T22:38:46Z RUN-END rc=0 no_turbo=1 gov_cpu3=performance cpu7_online=1 isolated=3,7 freq_cpu3_khz=3600000 thp=madvise
2026-07-25T22:38:46Z RUN-START PASS no_turbo=1 gov_cpu3=performance cpu7_online=1 isolated=3,7 freq_cpu3_khz=3600000 thp=madvise argv=[--security-opt label=disable -e PYTHONPATH=/src -v /home/beimfedora/Documents/Motif+BO/scripts:/probe:ro -v /home/beimfedora/Documents/Motif+BO/src:/src:ro -v /home/beimfedora/Documents/Motif+BO/results:/results:ro -v /home/beimfedora/Documents/Motif+BO/results/cli_v0/ws:/work localhost/motifbo-env:phase1 python3 -m cytune.worker endpoint /work/_kernels/pilot_C_01 /work/pilot_C_01 193,288]
2026-07-25T22:39:01Z RUN-END rc=0 no_turbo=1 gov_cpu3=performance cpu7_online=1 isolated=3,7 freq_cpu3_khz=3600000 thp=madvise
2026-07-25T22:39:01Z VERIFY-ONLY PASS no_turbo=1 gov_cpu3=performance cpu7_online=1 isolated=3,7 freq_cpu3_khz=3600000 thp=madvise
2026-07-25T22:40:03Z RUN-START PASS no_turbo=1 gov_cpu3=performance cpu7_online=1 isolated=3,7 freq_cpu3_khz=3600000 thp=madvise argv=[--security-opt label=disable -e PYTHONPATH=/src -v /home/beimfedora/Documents/Motif+BO/scripts:/probe:ro -v /home/beimfedora/Documents/Motif+BO/src:/src:ro -v /home/beimfedora/Documents/Motif+BO/results:/results:ro -v /home/beimfedora/Documents/Motif+BO/results/cli_v0/ws:/work localhost/motifbo-env:phase1 python3 -m cytune.worker golden /work/_kernels/toy_running_max /work/toy_running_max 65.0]
2026-07-25T22:40:06Z RUN-END rc=0 no_turbo=1 gov_cpu3=performance cpu7_online=1 isolated=3,7 freq_cpu3_khz=3600000 thp=madvise
2026-07-25T22:40:06Z RUN-START PASS no_turbo=1 gov_cpu3=performance cpu7_online=1 isolated=3,7 freq_cpu3_khz=3600000 thp=madvise argv=[--security-opt label=disable -e PYTHONPATH=/src -v /home/beimfedora/Documents/Motif+BO/scripts:/probe:ro -v /home/beimfedora/Documents/Motif+BO/src:/src:ro -v /home/beimfedora/Documents/Motif+BO/results:/results:ro -v /home/beimfedora/Documents/Motif+BO/results/cli_v0/ws:/work localhost/motifbo-env:phase1 python3 -m cytune.worker measure /work/_kernels/toy_running_max /work/toy_running_max probe]
2026-07-25T22:40:07Z RUN-END rc=0 no_turbo=1 gov_cpu3=performance cpu7_online=1 isolated=3,7 freq_cpu3_khz=3600000 thp=madvise
2026-07-25T22:40:58Z RUN-START PASS no_turbo=1 gov_cpu3=performance cpu7_online=1 isolated=3,7 freq_cpu3_khz=3600000 thp=madvise argv=[--security-opt label=disable -e PYTHONPATH=/src -v /home/beimfedora/Documents/Motif+BO/scripts:/probe:ro -v /home/beimfedora/Documents/Motif+BO/src:/src:ro -v /home/beimfedora/Documents/Motif+BO/results:/results:ro -v /home/beimfedora/Documents/Motif+BO/results/cli_v0/ws:/work localhost/motifbo-env:phase1 python3 -m cytune.worker measure /work/_kernels/toy_running_max /work/toy_running_max 34,92,103,443,581,612,817,991,1032,1082,1176,1254,1274,1433,1510]
2026-07-25T22:40:58Z RUN-END rc=0 no_turbo=1 gov_cpu3=performance cpu7_online=1 isolated=3,7 freq_cpu3_khz=3600000 thp=madvise
2026-07-25T22:41:03Z RUN-START PASS no_turbo=1 gov_cpu3=performance cpu7_online=1 isolated=3,7 freq_cpu3_khz=3600000 thp=madvise argv=[--security-opt label=disable -e PYTHONPATH=/src -v /home/beimfedora/Documents/Motif+BO/scripts:/probe:ro -v /home/beimfedora/Documents/Motif+BO/src:/src:ro -v /home/beimfedora/Documents/Motif+BO/results:/results:ro -v /home/beimfedora/Documents/Motif+BO/results/cli_v0/ws:/work localhost/motifbo-env:phase1 python3 -m cytune.worker measure /work/_kernels/toy_running_max /work/toy_running_max 1294]
2026-07-25T22:41:04Z RUN-END rc=0 no_turbo=1 gov_cpu3=performance cpu7_online=1 isolated=3,7 freq_cpu3_khz=3600000 thp=madvise
2026-07-25T22:41:04Z RUN-START PASS no_turbo=1 gov_cpu3=performance cpu7_online=1 isolated=3,7 freq_cpu3_khz=3600000 thp=madvise argv=[--security-opt label=disable -e PYTHONPATH=/src -v /home/beimfedora/Documents/Motif+BO/scripts:/probe:ro -v /home/beimfedora/Documents/Motif+BO/src:/src:ro -v /home/beimfedora/Documents/Motif+BO/results:/results:ro -v /home/beimfedora/Documents/Motif+BO/results/cli_v0/ws:/work localhost/motifbo-env:phase1 python3 -m cytune.worker endpoint /work/_kernels/toy_running_max /work/toy_running_max 288,1294]
2026-07-25T22:41:15Z RUN-END rc=0 no_turbo=1 gov_cpu3=performance cpu7_online=1 isolated=3,7 freq_cpu3_khz=3600000 thp=madvise
2026-07-25T22:47:37Z VERIFY-ONLY PASS no_turbo=1 gov_cpu3=performance cpu7_online=1 isolated=3,7 freq_cpu3_khz=3600000 thp=madvise
2026-07-25T22:48:42Z RUN-START PASS no_turbo=1 gov_cpu3=performance cpu7_online=1 isolated=3,7 freq_cpu3_khz=3600000 thp=madvise argv=[--security-opt label=disable -e PYTHONPATH=/src -v /home/beimfedora/Documents/Motif+BO/scripts:/probe:ro -v /home/beimfedora/Documents/Motif+BO/src:/src:ro -v /home/beimfedora/Documents/Motif+BO/results:/results:ro -v /home/beimfedora/Documents/Motif+BO/results/cli_v0/ws:/work localhost/motifbo-env:phase1 python3 -m cytune.worker golden /work/_kernels/pilot_ctrl_planted /work/pilot_ctrl_planted 65.0]
2026-07-25T22:48:50Z RUN-END rc=0 no_turbo=1 gov_cpu3=performance cpu7_online=1 isolated=3,7 freq_cpu3_khz=3600000 thp=madvise
2026-07-25T22:48:50Z RUN-START PASS no_turbo=1 gov_cpu3=performance cpu7_online=1 isolated=3,7 freq_cpu3_khz=3600000 thp=madvise argv=[--security-opt label=disable -e PYTHONPATH=/src -v /home/beimfedora/Documents/Motif+BO/scripts:/probe:ro -v /home/beimfedora/Documents/Motif+BO/src:/src:ro -v /home/beimfedora/Documents/Motif+BO/results:/results:ro -v /home/beimfedora/Documents/Motif+BO/results/cli_v0/ws:/work localhost/motifbo-env:phase1 python3 -m cytune.worker measure /work/_kernels/pilot_ctrl_planted /work/pilot_ctrl_planted probe]
2026-07-25T22:48:50Z RUN-END rc=0 no_turbo=1 gov_cpu3=performance cpu7_online=1 isolated=3,7 freq_cpu3_khz=3600000 thp=madvise
2026-07-25T22:50:03Z RUN-START PASS no_turbo=1 gov_cpu3=performance cpu7_online=1 isolated=3,7 freq_cpu3_khz=3600000 thp=madvise argv=[--security-opt label=disable -e PYTHONPATH=/src -v /home/beimfedora/Documents/Motif+BO/scripts:/probe:ro -v /home/beimfedora/Documents/Motif+BO/src:/src:ro -v /home/beimfedora/Documents/Motif+BO/results:/results:ro -v /home/beimfedora/Documents/Motif+BO/results/cli_v0/ws:/work localhost/motifbo-env:phase1 python3 -m cytune.worker measure /work/_kernels/pilot_ctrl_planted /work/pilot_ctrl_planted 36,80,84,108,167,198,215,334,467,485,508,759,796,838,896,908,929,1030,1080,1151,1326,1450,1482,1694]
2026-07-25T22:50:04Z RUN-END rc=0 no_turbo=1 gov_cpu3=performance cpu7_online=1 isolated=3,7 freq_cpu3_khz=3600000 thp=madvise
2026-07-25T22:50:31Z RUN-START PASS no_turbo=1 gov_cpu3=performance cpu7_online=1 isolated=3,7 freq_cpu3_khz=3600000 thp=madvise argv=[--security-opt label=disable -e PYTHONPATH=/src -v /home/beimfedora/Documents/Motif+BO/scripts:/probe:ro -v /home/beimfedora/Documents/Motif+BO/src:/src:ro -v /home/beimfedora/Documents/Motif+BO/results:/results:ro -v /home/beimfedora/Documents/Motif+BO/results/cli_v0/ws:/work localhost/motifbo-env:phase1 python3 -m cytune.worker measure /work/_kernels/pilot_ctrl_planted /work/pilot_ctrl_planted 1240,1234,1726,1720,1510,1564,1237,1294]
2026-07-25T22:50:33Z RUN-END rc=0 no_turbo=1 gov_cpu3=performance cpu7_online=1 isolated=3,7 freq_cpu3_khz=3600000 thp=madvise
2026-07-25T22:50:33Z RUN-START PASS no_turbo=1 gov_cpu3=performance cpu7_online=1 isolated=3,7 freq_cpu3_khz=3600000 thp=madvise argv=[--security-opt label=disable -e PYTHONPATH=/src -v /home/beimfedora/Documents/Motif+BO/scripts:/probe:ro -v /home/beimfedora/Documents/Motif+BO/src:/src:ro -v /home/beimfedora/Documents/Motif+BO/results:/results:ro -v /home/beimfedora/Documents/Motif+BO/results/cli_v0/ws:/work localhost/motifbo-env:phase1 python3 -m cytune.worker endpoint /work/_kernels/pilot_ctrl_planted /work/pilot_ctrl_planted 288,1237]
2026-07-25T22:50:42Z RUN-END rc=0 no_turbo=1 gov_cpu3=performance cpu7_online=1 isolated=3,7 freq_cpu3_khz=3600000 thp=madvise
2026-07-25T22:54:04Z VERIFY-ONLY PASS no_turbo=1 gov_cpu3=performance cpu7_online=1 isolated=3,7 freq_cpu3_khz=3600000 thp=madvise
2026-07-25T22:55:06Z RUN-START PASS no_turbo=1 gov_cpu3=performance cpu7_online=1 isolated=3,7 freq_cpu3_khz=3600000 thp=madvise argv=[--security-opt label=disable -e PYTHONPATH=/src -v /home/beimfedora/Documents/Motif+BO/scripts:/probe:ro -v /home/beimfedora/Documents/Motif+BO/src:/src:ro -v /home/beimfedora/Documents/Motif+BO/results:/results:ro -v /home/beimfedora/Documents/Motif+BO/results/cli_v0/ws:/work localhost/motifbo-env:phase1 python3 -m cytune.worker golden /work/_kernels/toy_running_max /work/toy_running_max 65.0]
2026-07-25T22:55:09Z RUN-END rc=0 no_turbo=1 gov_cpu3=performance cpu7_online=1 isolated=3,7 freq_cpu3_khz=3600000 thp=madvise
2026-07-25T22:55:09Z RUN-START PASS no_turbo=1 gov_cpu3=performance cpu7_online=1 isolated=3,7 freq_cpu3_khz=3600000 thp=madvise argv=[--security-opt label=disable -e PYTHONPATH=/src -v /home/beimfedora/Documents/Motif+BO/scripts:/probe:ro -v /home/beimfedora/Documents/Motif+BO/src:/src:ro -v /home/beimfedora/Documents/Motif+BO/results:/results:ro -v /home/beimfedora/Documents/Motif+BO/results/cli_v0/ws:/work localhost/motifbo-env:phase1 python3 -m cytune.worker measure /work/_kernels/toy_running_max /work/toy_running_max probe]
2026-07-25T22:55:09Z RUN-END rc=0 no_turbo=1 gov_cpu3=performance cpu7_online=1 isolated=3,7 freq_cpu3_khz=3600000 thp=madvise
2026-07-25T22:56:00Z RUN-START PASS no_turbo=1 gov_cpu3=performance cpu7_online=1 isolated=3,7 freq_cpu3_khz=3600000 thp=madvise argv=[--security-opt label=disable -e PYTHONPATH=/src -v /home/beimfedora/Documents/Motif+BO/scripts:/probe:ro -v /home/beimfedora/Documents/Motif+BO/src:/src:ro -v /home/beimfedora/Documents/Motif+BO/results:/results:ro -v /home/beimfedora/Documents/Motif+BO/results/cli_v0/ws:/work localhost/motifbo-env:phase1 python3 -m cytune.worker measure /work/_kernels/toy_running_max /work/toy_running_max 34,92,103,443,581,612,817,991,1032,1082,1176,1254,1274,1433,1510]
2026-07-25T22:56:00Z RUN-END rc=0 no_turbo=1 gov_cpu3=performance cpu7_online=1 isolated=3,7 freq_cpu3_khz=3600000 thp=madvise
2026-07-25T22:56:06Z RUN-START PASS no_turbo=1 gov_cpu3=performance cpu7_online=1 isolated=3,7 freq_cpu3_khz=3600000 thp=madvise argv=[--security-opt label=disable -e PYTHONPATH=/src -v /home/beimfedora/Documents/Motif+BO/scripts:/probe:ro -v /home/beimfedora/Documents/Motif+BO/src:/src:ro -v /home/beimfedora/Documents/Motif+BO/results:/results:ro -v /home/beimfedora/Documents/Motif+BO/results/cli_v0/ws:/work localhost/motifbo-env:phase1 python3 -m cytune.worker measure /work/_kernels/toy_running_max /work/toy_running_max 1672]
2026-07-25T22:56:07Z RUN-END rc=0 no_turbo=1 gov_cpu3=performance cpu7_online=1 isolated=3,7 freq_cpu3_khz=3600000 thp=madvise
2026-07-25T22:56:07Z RUN-START PASS no_turbo=1 gov_cpu3=performance cpu7_online=1 isolated=3,7 freq_cpu3_khz=3600000 thp=madvise argv=[--security-opt label=disable -e PYTHONPATH=/src -v /home/beimfedora/Documents/Motif+BO/scripts:/probe:ro -v /home/beimfedora/Documents/Motif+BO/src:/src:ro -v /home/beimfedora/Documents/Motif+BO/results:/results:ro -v /home/beimfedora/Documents/Motif+BO/results/cli_v0/ws:/work localhost/motifbo-env:phase1 python3 -m cytune.worker endpoint /work/_kernels/toy_running_max /work/toy_running_max 288,1294]
2026-07-25T22:56:15Z RUN-END rc=0 no_turbo=1 gov_cpu3=performance cpu7_online=1 isolated=3,7 freq_cpu3_khz=3600000 thp=madvise
2026-07-25T22:56:39Z VERIFY-ONLY PASS no_turbo=1 gov_cpu3=performance cpu7_online=1 isolated=3,7 freq_cpu3_khz=3600000 thp=madvise
2026-07-25T22:57:41Z RUN-START PASS no_turbo=1 gov_cpu3=performance cpu7_online=1 isolated=3,7 freq_cpu3_khz=3600000 thp=madvise argv=[--security-opt label=disable -e PYTHONPATH=/src -v /home/beimfedora/Documents/Motif+BO/scripts:/probe:ro -v /home/beimfedora/Documents/Motif+BO/src:/src:ro -v /home/beimfedora/Documents/Motif+BO/results:/results:ro -v /home/beimfedora/Documents/Motif+BO/results/cli_v0/ws:/work localhost/motifbo-env:phase1 python3 -m cytune.worker golden /work/_kernels/toy_running_max /work/toy_running_max 65.0]
2026-07-25T22:57:44Z RUN-END rc=0 no_turbo=1 gov_cpu3=performance cpu7_online=1 isolated=3,7 freq_cpu3_khz=3600000 thp=madvise
2026-07-25T22:57:44Z RUN-START PASS no_turbo=1 gov_cpu3=performance cpu7_online=1 isolated=3,7 freq_cpu3_khz=3600000 thp=madvise argv=[--security-opt label=disable -e PYTHONPATH=/src -v /home/beimfedora/Documents/Motif+BO/scripts:/probe:ro -v /home/beimfedora/Documents/Motif+BO/src:/src:ro -v /home/beimfedora/Documents/Motif+BO/results:/results:ro -v /home/beimfedora/Documents/Motif+BO/results/cli_v0/ws:/work localhost/motifbo-env:phase1 python3 -m cytune.worker measure /work/_kernels/toy_running_max /work/toy_running_max probe]
2026-07-25T22:57:45Z RUN-END rc=0 no_turbo=1 gov_cpu3=performance cpu7_online=1 isolated=3,7 freq_cpu3_khz=3600000 thp=madvise
2026-07-25T22:58:35Z RUN-START PASS no_turbo=1 gov_cpu3=performance cpu7_online=1 isolated=3,7 freq_cpu3_khz=3600000 thp=madvise argv=[--security-opt label=disable -e PYTHONPATH=/src -v /home/beimfedora/Documents/Motif+BO/scripts:/probe:ro -v /home/beimfedora/Documents/Motif+BO/src:/src:ro -v /home/beimfedora/Documents/Motif+BO/results:/results:ro -v /home/beimfedora/Documents/Motif+BO/results/cli_v0/ws:/work localhost/motifbo-env:phase1 python3 -m cytune.worker measure /work/_kernels/toy_running_max /work/toy_running_max 34,92,103,443,581,612,817,991,1032,1082,1176,1254,1274,1433,1510]
2026-07-25T22:58:36Z RUN-END rc=0 no_turbo=1 gov_cpu3=performance cpu7_online=1 isolated=3,7 freq_cpu3_khz=3600000 thp=madvise
2026-07-25T22:58:42Z RUN-START PASS no_turbo=1 gov_cpu3=performance cpu7_online=1 isolated=3,7 freq_cpu3_khz=3600000 thp=madvise argv=[--security-opt label=disable -e PYTHONPATH=/src -v /home/beimfedora/Documents/Motif+BO/scripts:/probe:ro -v /home/beimfedora/Documents/Motif+BO/src:/src:ro -v /home/beimfedora/Documents/Motif+BO/results:/results:ro -v /home/beimfedora/Documents/Motif+BO/results/cli_v0/ws:/work localhost/motifbo-env:phase1 python3 -m cytune.worker measure /work/_kernels/toy_running_max /work/toy_running_max 1723]
2026-07-25T22:58:43Z RUN-END rc=0 no_turbo=1 gov_cpu3=performance cpu7_online=1 isolated=3,7 freq_cpu3_khz=3600000 thp=madvise
2026-07-25T22:58:47Z RUN-START PASS no_turbo=1 gov_cpu3=performance cpu7_online=1 isolated=3,7 freq_cpu3_khz=3600000 thp=madvise argv=[--security-opt label=disable -e PYTHONPATH=/src -v /home/beimfedora/Documents/Motif+BO/scripts:/probe:ro -v /home/beimfedora/Documents/Motif+BO/src:/src:ro -v /home/beimfedora/Documents/Motif+BO/results:/results:ro -v /home/beimfedora/Documents/Motif+BO/results/cli_v0/ws:/work localhost/motifbo-env:phase1 python3 -m cytune.worker endpoint /work/_kernels/toy_running_max /work/toy_running_max 288,1294]
2026-07-25T22:58:58Z RUN-END rc=0 no_turbo=1 gov_cpu3=performance cpu7_online=1 isolated=3,7 freq_cpu3_khz=3600000 thp=madvise
2026-07-25T23:00:21Z VERIFY-ONLY PASS no_turbo=1 gov_cpu3=performance cpu7_online=1 isolated=3,7 freq_cpu3_khz=3600000 thp=madvise
2026-07-25T23:01:25Z RUN-START PASS no_turbo=1 gov_cpu3=performance cpu7_online=1 isolated=3,7 freq_cpu3_khz=3600000 thp=madvise argv=[--security-opt label=disable -e PYTHONPATH=/src -v /home/beimfedora/Documents/Motif+BO/scripts:/probe:ro -v /home/beimfedora/Documents/Motif+BO/src:/src:ro -v /home/beimfedora/Documents/Motif+BO/results:/results:ro -v /home/beimfedora/Documents/Motif+BO/results/cli_v0/ws:/work localhost/motifbo-env:phase1 python3 -m cytune.worker golden /work/_kernels/pilot_C_01 /work/pilot_C_01 65.0]
2026-07-25T23:01:29Z RUN-END rc=0 no_turbo=1 gov_cpu3=performance cpu7_online=1 isolated=3,7 freq_cpu3_khz=3600000 thp=madvise
2026-07-25T23:01:29Z RUN-START PASS no_turbo=1 gov_cpu3=performance cpu7_online=1 isolated=3,7 freq_cpu3_khz=3600000 thp=madvise argv=[--security-opt label=disable -e PYTHONPATH=/src -v /home/beimfedora/Documents/Motif+BO/scripts:/probe:ro -v /home/beimfedora/Documents/Motif+BO/src:/src:ro -v /home/beimfedora/Documents/Motif+BO/results:/results:ro -v /home/beimfedora/Documents/Motif+BO/results/cli_v0/ws:/work localhost/motifbo-env:phase1 python3 -m cytune.worker measure /work/_kernels/pilot_C_01 /work/pilot_C_01 probe]
2026-07-25T23:01:29Z RUN-END rc=0 no_turbo=1 gov_cpu3=performance cpu7_online=1 isolated=3,7 freq_cpu3_khz=3600000 thp=madvise
2026-07-25T23:01:30Z RUN-START PASS no_turbo=1 gov_cpu3=performance cpu7_online=1 isolated=3,7 freq_cpu3_khz=3600000 thp=madvise argv=[--security-opt label=disable -e PYTHONPATH=/src -v /home/beimfedora/Documents/Motif+BO/scripts:/probe:ro -v /home/beimfedora/Documents/Motif+BO/src:/src:ro -v /home/beimfedora/Documents/Motif+BO/results:/results:ro -v /home/beimfedora/Documents/Motif+BO/results/cli_v0/ws:/work localhost/motifbo-env:phase1 python3 -m cytune.worker endpoint /work/_kernels/pilot_C_01 /work/pilot_C_01 193,288]
2026-07-25T23:01:45Z RUN-END rc=0 no_turbo=1 gov_cpu3=performance cpu7_online=1 isolated=3,7 freq_cpu3_khz=3600000 thp=madvise
2026-07-25T23:01:45Z VERIFY-ONLY PASS no_turbo=1 gov_cpu3=performance cpu7_online=1 isolated=3,7 freq_cpu3_khz=3600000 thp=madvise
2026-07-25T23:01:46Z RUN-START PASS no_turbo=1 gov_cpu3=performance cpu7_online=1 isolated=3,7 freq_cpu3_khz=3600000 thp=madvise argv=[--security-opt label=disable -e PYTHONPATH=/src -v /home/beimfedora/Documents/Motif+BO/scripts:/probe:ro -v /home/beimfedora/Documents/Motif+BO/src:/src:ro -v /home/beimfedora/Documents/Motif+BO/results:/results:ro -v /home/beimfedora/Documents/Motif+BO/results/cli_v0/ws:/work localhost/motifbo-env:phase1 python3 -m cytune.worker golden /work/_kernels/toy_running_max /work/toy_running_max 65.0]
2026-07-25T23:01:49Z RUN-END rc=0 no_turbo=1 gov_cpu3=performance cpu7_online=1 isolated=3,7 freq_cpu3_khz=3600000 thp=madvise
2026-07-25T23:01:49Z RUN-START PASS no_turbo=1 gov_cpu3=performance cpu7_online=1 isolated=3,7 freq_cpu3_khz=3600000 thp=madvise argv=[--security-opt label=disable -e PYTHONPATH=/src -v /home/beimfedora/Documents/Motif+BO/scripts:/probe:ro -v /home/beimfedora/Documents/Motif+BO/src:/src:ro -v /home/beimfedora/Documents/Motif+BO/results:/results:ro -v /home/beimfedora/Documents/Motif+BO/results/cli_v0/ws:/work localhost/motifbo-env:phase1 python3 -m cytune.worker measure /work/_kernels/toy_running_max /work/toy_running_max probe]
2026-07-25T23:01:49Z RUN-END rc=0 no_turbo=1 gov_cpu3=performance cpu7_online=1 isolated=3,7 freq_cpu3_khz=3600000 thp=madvise
2026-07-25T23:01:51Z RUN-START PASS no_turbo=1 gov_cpu3=performance cpu7_online=1 isolated=3,7 freq_cpu3_khz=3600000 thp=madvise argv=[--security-opt label=disable -e PYTHONPATH=/src -v /home/beimfedora/Documents/Motif+BO/scripts:/probe:ro -v /home/beimfedora/Documents/Motif+BO/src:/src:ro -v /home/beimfedora/Documents/Motif+BO/results:/results:ro -v /home/beimfedora/Documents/Motif+BO/results/cli_v0/ws:/work localhost/motifbo-env:phase1 python3 -m cytune.worker measure /work/_kernels/toy_running_max /work/toy_running_max 34,92,103,443,581,612,817,991,1032,1082,1176,1254,1274,1433,1510]
2026-07-25T23:01:51Z RUN-END rc=0 no_turbo=1 gov_cpu3=performance cpu7_online=1 isolated=3,7 freq_cpu3_khz=3600000 thp=madvise
2026-07-25T23:01:56Z RUN-START PASS no_turbo=1 gov_cpu3=performance cpu7_online=1 isolated=3,7 freq_cpu3_khz=3600000 thp=madvise argv=[--security-opt label=disable -e PYTHONPATH=/src -v /home/beimfedora/Documents/Motif+BO/scripts:/probe:ro -v /home/beimfedora/Documents/Motif+BO/src:/src:ro -v /home/beimfedora/Documents/Motif+BO/results:/results:ro -v /home/beimfedora/Documents/Motif+BO/results/cli_v0/ws:/work localhost/motifbo-env:phase1 python3 -m cytune.worker measure /work/_kernels/toy_running_max /work/toy_running_max 1240]
2026-07-25T23:01:57Z RUN-END rc=0 no_turbo=1 gov_cpu3=performance cpu7_online=1 isolated=3,7 freq_cpu3_khz=3600000 thp=madvise
2026-07-25T23:01:57Z RUN-START PASS no_turbo=1 gov_cpu3=performance cpu7_online=1 isolated=3,7 freq_cpu3_khz=3600000 thp=madvise argv=[--security-opt label=disable -e PYTHONPATH=/src -v /home/beimfedora/Documents/Motif+BO/scripts:/probe:ro -v /home/beimfedora/Documents/Motif+BO/src:/src:ro -v /home/beimfedora/Documents/Motif+BO/results:/results:ro -v /home/beimfedora/Documents/Motif+BO/results/cli_v0/ws:/work localhost/motifbo-env:phase1 python3 -m cytune.worker endpoint /work/_kernels/toy_running_max /work/toy_running_max 288,1294]
2026-07-25T23:02:09Z RUN-END rc=0 no_turbo=1 gov_cpu3=performance cpu7_online=1 isolated=3,7 freq_cpu3_khz=3600000 thp=madvise
2026-07-25T23:03:58Z VERIFY-ONLY PASS no_turbo=1 gov_cpu3=performance cpu7_online=1 isolated=3,7 freq_cpu3_khz=3600000 thp=madvise
2026-07-25T23:05:52Z VERIFY-ONLY PASS no_turbo=1 gov_cpu3=performance cpu7_online=1 isolated=3,7 freq_cpu3_khz=3600000 thp=madvise
2026-07-25T23:06:27Z VERIFY-ONLY PASS no_turbo=1 gov_cpu3=performance cpu7_online=1 isolated=3,7 freq_cpu3_khz=3600000 thp=madvise
2026-07-25T23:33:32Z RUN-START PASS no_turbo=1 gov_cpu3=performance cpu7_online=1 isolated=3,7 freq_cpu3_khz=3600000 thp=madvise argv=[--security-opt label=disable -v /home/beimfedora/Documents/Motif+BO/scripts:/probe:ro -v /home/beimfedora/Documents/Motif+BO/results:/results:ro -v /home/beimfedora/Documents/Motif+BO/results/fleet/controls_a4:/work localhost/motifbo-env:phase1 python3 /probe/phasep/measure_phase.py /work/_kernels/pilot_ctrl_planted /work/pilot_ctrl_planted all --target-ms 65.0]
2026-07-25T23:56:46Z RUN-END rc=0 no_turbo=1 gov_cpu3=performance cpu7_online=1 isolated=3,7 freq_cpu3_khz=3600000 thp=madvise
2026-07-26T00:21:37Z RUN-START PASS no_turbo=1 gov_cpu3=performance cpu7_online=1 isolated=3,7 freq_cpu3_khz=3600000 thp=madvise argv=[--security-opt label=disable -v /home/beimfedora/Documents/Motif+BO/scripts:/probe:ro -v /home/beimfedora/Documents/Motif+BO/results:/results:ro -v /home/beimfedora/Documents/Motif+BO/results/fleet/controls_a4:/work localhost/motifbo-env:phase1 python3 /probe/phasep/measure_phase.py /work/_kernels/pilot_ctrl_flat /work/pilot_ctrl_flat all --target-ms 65.0]
2026-07-26T00:58:07Z RUN-END rc=0 no_turbo=1 gov_cpu3=performance cpu7_online=1 isolated=3,7 freq_cpu3_khz=3600000 thp=madvise
2026-07-26T01:24:58Z RUN-START PASS no_turbo=1 gov_cpu3=performance cpu7_online=1 isolated=3,7 freq_cpu3_khz=3600000 thp=madvise argv=[--security-opt label=disable -v /home/beimfedora/Documents/Motif+BO/scripts:/probe:ro -v /home/beimfedora/Documents/Motif+BO/results:/results:ro -v /home/beimfedora/Documents/Motif+BO/results/fleet/controls_a4:/work localhost/motifbo-env:phase1 python3 /probe/phasep/measure_phase.py /work/_kernels/pilot_ctrl_bcprobe /work/pilot_ctrl_bcprobe all --target-ms 65.0]
2026-07-26T02:04:26Z RUN-END rc=0 no_turbo=1 gov_cpu3=performance cpu7_online=1 isolated=3,7 freq_cpu3_khz=3600000 thp=madvise
2026-07-26T02:06:36Z VERIFY-ONLY PASS no_turbo=1 gov_cpu3=performance cpu7_online=1 isolated=3,7 freq_cpu3_khz=3600000 thp=madvise
2026-07-26T02:07:00Z VERIFY-ONLY PASS no_turbo=1 gov_cpu3=performance cpu7_online=1 isolated=3,7 freq_cpu3_khz=3600000 thp=madvise
2026-07-26T02:32:25Z RUN-START PASS no_turbo=1 gov_cpu3=performance cpu7_online=1 isolated=3,7 freq_cpu3_khz=3600000 thp=madvise argv=[--security-opt label=disable -v /home/beimfedora/Documents/Motif+BO/scripts:/probe:ro -v /home/beimfedora/Documents/Motif+BO/results:/results:ro -v /home/beimfedora/Documents/Motif+BO/results/fleet:/work localhost/motifbo-env:phase1 python3 /probe/phasep/measure_phase.py /work/_kernels/fleet_MID_W2_50_mid_gatherpoly_r1 /work/fleet_MID_W2_50_mid_gatherpoly_r1 all --target-ms 65.0]
2026-07-26T03:04:00Z RUN-END rc=0 no_turbo=1 gov_cpu3=performance cpu7_online=1 isolated=3,7 freq_cpu3_khz=3600000 thp=madvise
2026-07-26T03:29:47Z RUN-START PASS no_turbo=1 gov_cpu3=performance cpu7_online=1 isolated=3,7 freq_cpu3_khz=3600000 thp=madvise argv=[--security-opt label=disable -v /home/beimfedora/Documents/Motif+BO/scripts:/probe:ro -v /home/beimfedora/Documents/Motif+BO/results:/results:ro -v /home/beimfedora/Documents/Motif+BO/results/fleet:/work localhost/motifbo-env:phase1 python3 /probe/phasep/measure_phase.py /work/_kernels/fleet_LEVER_SEP_W2_50_lev_modconst /work/fleet_LEVER_SEP_W2_50_lev_modconst all --target-ms 65.0]
2026-07-26T06:53:49Z VERIFY-ONLY PASS no_turbo=1 gov_cpu3=performance cpu7_online=1 isolated=3,7 freq_cpu3_khz=3600000 thp=madvise
2026-07-26T06:54:48Z VERIFY-ONLY PASS no_turbo=1 gov_cpu3=performance cpu7_online=1 isolated=3,7 freq_cpu3_khz=3600000 thp=madvise
2026-07-26T06:54:49Z RUN-START PASS no_turbo=1 gov_cpu3=performance cpu7_online=1 isolated=3,7 freq_cpu3_khz=3600000 thp=madvise argv=[--security-opt label=disable -v /home/beimfedora/Documents/Motif+BO/scripts:/probe:ro -v /home/beimfedora/Documents/Motif+BO/results:/results:ro -v /home/beimfedora/Documents/Motif+BO/results/fleet:/work localhost/motifbo-env:phase1 python3 /probe/phasep/measure_phase.py /work/_kernels/fleet_LEVER_SEP_W2_50_lev_modconst /work/fleet_LEVER_SEP_W2_50_lev_modconst all --target-ms 65.0]
2026-07-26T07:17:41Z RUN-END rc=0 no_turbo=1 gov_cpu3=performance cpu7_online=1 isolated=3,7 freq_cpu3_khz=3600000 thp=madvise
2026-07-26T07:43:05Z RUN-START PASS no_turbo=1 gov_cpu3=performance cpu7_online=1 isolated=3,7 freq_cpu3_khz=3600000 thp=madvise argv=[--security-opt label=disable -v /home/beimfedora/Documents/Motif+BO/scripts:/probe:ro -v /home/beimfedora/Documents/Motif+BO/results:/results:ro -v /home/beimfedora/Documents/Motif+BO/results/fleet:/work localhost/motifbo-env:phase1 python3 /probe/phasep/measure_phase.py /work/_kernels/fleet_MID_W2_51_mid_hist /work/fleet_MID_W2_51_mid_hist all --target-ms 65.0]
2026-07-26T08:21:03Z RUN-END rc=0 no_turbo=1 gov_cpu3=performance cpu7_online=1 isolated=3,7 freq_cpu3_khz=3600000 thp=madvise
2026-07-26T08:46:55Z RUN-START PASS no_turbo=1 gov_cpu3=performance cpu7_online=1 isolated=3,7 freq_cpu3_khz=3600000 thp=madvise argv=[--security-opt label=disable -v /home/beimfedora/Documents/Motif+BO/scripts:/probe:ro -v /home/beimfedora/Documents/Motif+BO/results:/results:ro -v /home/beimfedora/Documents/Motif+BO/results/fleet:/work localhost/motifbo-env:phase1 python3 /probe/phasep/measure_phase.py /work/_kernels/fleet_LEVER_SEP_W2_51_lev_csr /work/fleet_LEVER_SEP_W2_51_lev_csr all --target-ms 65.0]
2026-07-26T09:20:05Z RUN-END rc=0 no_turbo=1 gov_cpu3=performance cpu7_online=1 isolated=3,7 freq_cpu3_khz=3600000 thp=madvise
2026-07-26T09:44:56Z RUN-START PASS no_turbo=1 gov_cpu3=performance cpu7_online=1 isolated=3,7 freq_cpu3_khz=3600000 thp=madvise argv=[--security-opt label=disable -v /home/beimfedora/Documents/Motif+BO/scripts:/probe:ro -v /home/beimfedora/Documents/Motif+BO/results:/results:ro -v /home/beimfedora/Documents/Motif+BO/results/fleet:/work localhost/motifbo-env:phase1 python3 /probe/phasep/measure_phase.py /work/_kernels/fleet_MID_W2_52_mid_gatherpoly_r1 /work/fleet_MID_W2_52_mid_gatherpoly_r1 all --target-ms 65.0]
2026-07-26T10:12:26Z RUN-END rc=0 no_turbo=1 gov_cpu3=performance cpu7_online=1 isolated=3,7 freq_cpu3_khz=3600000 thp=madvise
2026-07-26T10:37:19Z RUN-START PASS no_turbo=1 gov_cpu3=performance cpu7_online=1 isolated=3,7 freq_cpu3_khz=3600000 thp=madvise argv=[--security-opt label=disable -v /home/beimfedora/Documents/Motif+BO/scripts:/probe:ro -v /home/beimfedora/Documents/Motif+BO/results:/results:ro -v /home/beimfedora/Documents/Motif+BO/results/fleet:/work localhost/motifbo-env:phase1 python3 /probe/phasep/measure_phase.py /work/_kernels/fleet_MID_W2_53_mid_hist /work/fleet_MID_W2_53_mid_hist all --target-ms 65.0]
2026-07-26T11:15:16Z RUN-END rc=0 no_turbo=1 gov_cpu3=performance cpu7_online=1 isolated=3,7 freq_cpu3_khz=3600000 thp=madvise
2026-07-26T11:40:02Z RUN-START PASS no_turbo=1 gov_cpu3=performance cpu7_online=1 isolated=3,7 freq_cpu3_khz=3600000 thp=madvise argv=[--security-opt label=disable -v /home/beimfedora/Documents/Motif+BO/scripts:/probe:ro -v /home/beimfedora/Documents/Motif+BO/results:/results:ro -v /home/beimfedora/Documents/Motif+BO/results/fleet:/work localhost/motifbo-env:phase1 python3 /probe/phasep/measure_phase.py /work/_kernels/fleet_MID_W2_53_mid_hist_r1 /work/fleet_MID_W2_53_mid_hist_r1 all --target-ms 65.0]
2026-07-26T12:18:16Z RUN-END rc=0 no_turbo=1 gov_cpu3=performance cpu7_online=1 isolated=3,7 freq_cpu3_khz=3600000 thp=madvise
2026-07-26T12:42:55Z RUN-START PASS no_turbo=1 gov_cpu3=performance cpu7_online=1 isolated=3,7 freq_cpu3_khz=3600000 thp=madvise argv=[--security-opt label=disable -v /home/beimfedora/Documents/Motif+BO/scripts:/probe:ro -v /home/beimfedora/Documents/Motif+BO/results:/results:ro -v /home/beimfedora/Documents/Motif+BO/results/fleet:/work localhost/motifbo-env:phase1 python3 /probe/phasep/measure_phase.py /work/_kernels/fleet_MID_W2_53_mid_hist_r2 /work/fleet_MID_W2_53_mid_hist_r2 all --target-ms 65.0]
2026-07-26T13:20:36Z RUN-END rc=0 no_turbo=1 gov_cpu3=performance cpu7_online=1 isolated=3,7 freq_cpu3_khz=3600000 thp=madvise
2026-07-26T13:45:12Z RUN-START PASS no_turbo=1 gov_cpu3=performance cpu7_online=1 isolated=3,7 freq_cpu3_khz=3600000 thp=madvise argv=[--security-opt label=disable -v /home/beimfedora/Documents/Motif+BO/scripts:/probe:ro -v /home/beimfedora/Documents/Motif+BO/results:/results:ro -v /home/beimfedora/Documents/Motif+BO/results/fleet:/work localhost/motifbo-env:phase1 python3 /probe/phasep/measure_phase.py /work/_kernels/fleet_MID_W2_53_mid_hist_r4 /work/fleet_MID_W2_53_mid_hist_r4 all --target-ms 65.0]
2026-07-26T21:04:26Z VERIFY-ONLY PASS no_turbo=1 gov_cpu3=performance cpu7_online=1 isolated=3,7 freq_cpu3_khz=3600000 thp=madvise
2026-07-26T21:05:55Z VERIFY-ONLY PASS no_turbo=1 gov_cpu3=performance cpu7_online=1 isolated=3,7 freq_cpu3_khz=3600000 thp=madvise
2026-07-26T21:05:56Z RUN-START PASS no_turbo=1 gov_cpu3=performance cpu7_online=1 isolated=3,7 freq_cpu3_khz=3600000 thp=madvise argv=[--security-opt label=disable -v /home/beimfedora/Documents/Motif+BO/scripts:/probe:ro -v /home/beimfedora/Documents/Motif+BO/results:/results:ro -v /home/beimfedora/Documents/Motif+BO/results/fleet:/work localhost/motifbo-env:phase1 python3 /probe/phasep/measure_phase.py /work/_kernels/fleet_MID_W2_53_mid_hist_r4 /work/fleet_MID_W2_53_mid_hist_r4 all --target-ms 65.0]
2026-07-26T21:41:43Z RUN-END rc=0 no_turbo=1 gov_cpu3=performance cpu7_online=1 isolated=3,7 freq_cpu3_khz=3600000 thp=madvise
2026-07-26T22:06:22Z RUN-START PASS no_turbo=1 gov_cpu3=performance cpu7_online=1 isolated=3,7 freq_cpu3_khz=3600000 thp=madvise argv=[--security-opt label=disable -v /home/beimfedora/Documents/Motif+BO/scripts:/probe:ro -v /home/beimfedora/Documents/Motif+BO/results:/results:ro -v /home/beimfedora/Documents/Motif+BO/results/fleet:/work localhost/motifbo-env:phase1 python3 /probe/phasep/measure_phase.py /work/_kernels/fleet_FLAT_FM_W2_54_fm_dot /work/fleet_FLAT_FM_W2_54_fm_dot all --target-ms 65.0]
2026-07-26T22:35:55Z RUN-END rc=0 no_turbo=1 gov_cpu3=performance cpu7_online=1 isolated=3,7 freq_cpu3_khz=3600000 thp=madvise
2026-07-26T23:00:31Z RUN-START PASS no_turbo=1 gov_cpu3=performance cpu7_online=1 isolated=3,7 freq_cpu3_khz=3600000 thp=madvise argv=[--security-opt label=disable -v /home/beimfedora/Documents/Motif+BO/scripts:/probe:ro -v /home/beimfedora/Documents/Motif+BO/results:/results:ro -v /home/beimfedora/Documents/Motif+BO/results/fleet:/work localhost/motifbo-env:phase1 python3 /probe/phasep/measure_phase.py /work/_kernels/fleet_FLAT_FM_W2_54_fm_dot_r1 /work/fleet_FLAT_FM_W2_54_fm_dot_r1 all --target-ms 65.0]
2026-07-26T23:41:03Z RUN-END rc=0 no_turbo=1 gov_cpu3=performance cpu7_online=1 isolated=3,7 freq_cpu3_khz=3600000 thp=madvise
2026-07-27T00:05:56Z RUN-START PASS no_turbo=1 gov_cpu3=performance cpu7_online=1 isolated=3,7 freq_cpu3_khz=3600000 thp=madvise argv=[--security-opt label=disable -v /home/beimfedora/Documents/Motif+BO/scripts:/probe:ro -v /home/beimfedora/Documents/Motif+BO/results:/results:ro -v /home/beimfedora/Documents/Motif+BO/results/fleet:/work localhost/motifbo-env:phase1 python3 /probe/phasep/measure_phase.py /work/_kernels/fleet_MID_W2_54_mid_gatherpoly /work/fleet_MID_W2_54_mid_gatherpoly all --target-ms 65.0]
2026-07-27T00:37:26Z RUN-END rc=0 no_turbo=1 gov_cpu3=performance cpu7_online=1 isolated=3,7 freq_cpu3_khz=3600000 thp=madvise
2026-07-27T01:02:16Z RUN-START PASS no_turbo=1 gov_cpu3=performance cpu7_online=1 isolated=3,7 freq_cpu3_khz=3600000 thp=madvise argv=[--security-opt label=disable -v /home/beimfedora/Documents/Motif+BO/scripts:/probe:ro -v /home/beimfedora/Documents/Motif+BO/results:/results:ro -v /home/beimfedora/Documents/Motif+BO/results/fleet:/work localhost/motifbo-env:phase1 python3 /probe/phasep/measure_phase.py /work/_kernels/fleet_MID_W2_54_mid_gatherpoly_r1 /work/fleet_MID_W2_54_mid_gatherpoly_r1 all --target-ms 65.0]
2026-07-27T01:36:51Z RUN-END rc=0 no_turbo=1 gov_cpu3=performance cpu7_online=1 isolated=3,7 freq_cpu3_khz=3600000 thp=madvise
2026-07-27T02:01:24Z RUN-START PASS no_turbo=1 gov_cpu3=performance cpu7_online=1 isolated=3,7 freq_cpu3_khz=3600000 thp=madvise argv=[--security-opt label=disable -v /home/beimfedora/Documents/Motif+BO/scripts:/probe:ro -v /home/beimfedora/Documents/Motif+BO/results:/results:ro -v /home/beimfedora/Documents/Motif+BO/results/fleet:/work localhost/motifbo-env:phase1 python3 /probe/phasep/measure_phase.py /work/_kernels/fleet_FLAT_FM_W2_55_fm_sumsq /work/fleet_FLAT_FM_W2_55_fm_sumsq all --target-ms 65.0]
2026-07-27T02:40:21Z RUN-END rc=0 no_turbo=1 gov_cpu3=performance cpu7_online=1 isolated=3,7 freq_cpu3_khz=3600000 thp=madvise
2026-07-27T03:04:55Z RUN-START PASS no_turbo=1 gov_cpu3=performance cpu7_online=1 isolated=3,7 freq_cpu3_khz=3600000 thp=madvise argv=[--security-opt label=disable -v /home/beimfedora/Documents/Motif+BO/scripts:/probe:ro -v /home/beimfedora/Documents/Motif+BO/results:/results:ro -v /home/beimfedora/Documents/Motif+BO/results/fleet:/work localhost/motifbo-env:phase1 python3 /probe/phasep/measure_phase.py /work/_kernels/fleet_FLAT_FM_W2_55_fm_sumsq_r1 /work/fleet_FLAT_FM_W2_55_fm_sumsq_r1 all --target-ms 65.0]
2026-07-27T03:33:46Z RUN-END rc=0 no_turbo=1 gov_cpu3=performance cpu7_online=1 isolated=3,7 freq_cpu3_khz=3600000 thp=madvise
2026-07-27T03:58:23Z RUN-START PASS no_turbo=1 gov_cpu3=performance cpu7_online=1 isolated=3,7 freq_cpu3_khz=3600000 thp=madvise argv=[--security-opt label=disable -v /home/beimfedora/Documents/Motif+BO/scripts:/probe:ro -v /home/beimfedora/Documents/Motif+BO/results:/results:ro -v /home/beimfedora/Documents/Motif+BO/results/fleet:/work localhost/motifbo-env:phase1 python3 /probe/phasep/measure_phase.py /work/_kernels/fleet_MID_W2_55_mid_hist_r1 /work/fleet_MID_W2_55_mid_hist_r1 all --target-ms 65.0]
2026-07-27T04:36:33Z RUN-END rc=0 no_turbo=1 gov_cpu3=performance cpu7_online=1 isolated=3,7 freq_cpu3_khz=3600000 thp=madvise
2026-07-27T05:01:10Z RUN-START PASS no_turbo=1 gov_cpu3=performance cpu7_online=1 isolated=3,7 freq_cpu3_khz=3600000 thp=madvise argv=[--security-opt label=disable -v /home/beimfedora/Documents/Motif+BO/scripts:/probe:ro -v /home/beimfedora/Documents/Motif+BO/results:/results:ro -v /home/beimfedora/Documents/Motif+BO/results/fleet:/work localhost/motifbo-env:phase1 python3 /probe/phasep/measure_phase.py /work/_kernels/fleet_MID_W2_55_mid_hist_r3 /work/fleet_MID_W2_55_mid_hist_r3 all --target-ms 65.0]
2026-07-27T05:40:57Z RUN-END rc=0 no_turbo=1 gov_cpu3=performance cpu7_online=1 isolated=3,7 freq_cpu3_khz=3600000 thp=madvise
2026-07-27T06:05:33Z RUN-START PASS no_turbo=1 gov_cpu3=performance cpu7_online=1 isolated=3,7 freq_cpu3_khz=3600000 thp=madvise argv=[--security-opt label=disable -v /home/beimfedora/Documents/Motif+BO/scripts:/probe:ro -v /home/beimfedora/Documents/Motif+BO/results:/results:ro -v /home/beimfedora/Documents/Motif+BO/results/fleet:/work localhost/motifbo-env:phase1 python3 /probe/phasep/measure_phase.py /work/_kernels/fleet_MID_W2_55_mid_hist_r4 /work/fleet_MID_W2_55_mid_hist_r4 all --target-ms 65.0]
2026-07-27T06:46:33Z RUN-END rc=0 no_turbo=1 gov_cpu3=performance cpu7_online=1 isolated=3,7 freq_cpu3_khz=3600000 thp=madvise
2026-07-27T07:11:06Z RUN-START PASS no_turbo=1 gov_cpu3=performance cpu7_online=1 isolated=3,7 freq_cpu3_khz=3600000 thp=madvise argv=[--security-opt label=disable -v /home/beimfedora/Documents/Motif+BO/scripts:/probe:ro -v /home/beimfedora/Documents/Motif+BO/results:/results:ro -v /home/beimfedora/Documents/Motif+BO/results/fleet:/work localhost/motifbo-env:phase1 python3 /probe/phasep/measure_phase.py /work/_kernels/fleet_FLAT_FM_W2_56_fm_sum /work/fleet_FLAT_FM_W2_56_fm_sum all --target-ms 65.0]
2026-07-27T07:36:43Z RUN-END rc=0 no_turbo=1 gov_cpu3=performance cpu7_online=1 isolated=3,7 freq_cpu3_khz=3600000 thp=madvise
2026-07-27T08:01:18Z RUN-START PASS no_turbo=1 gov_cpu3=performance cpu7_online=1 isolated=3,7 freq_cpu3_khz=3600000 thp=madvise argv=[--security-opt label=disable -v /home/beimfedora/Documents/Motif+BO/scripts:/probe:ro -v /home/beimfedora/Documents/Motif+BO/results:/results:ro -v /home/beimfedora/Documents/Motif+BO/results/fleet:/work localhost/motifbo-env:phase1 python3 /probe/phasep/measure_phase.py /work/_kernels/fleet_FLAT_FM_W2_56_fm_sum_r1 /work/fleet_FLAT_FM_W2_56_fm_sum_r1 all --target-ms 65.0]
2026-07-27T08:28:05Z RUN-END rc=0 no_turbo=1 gov_cpu3=performance cpu7_online=1 isolated=3,7 freq_cpu3_khz=3600000 thp=madvise
2026-07-27T08:52:39Z RUN-START PASS no_turbo=1 gov_cpu3=performance cpu7_online=1 isolated=3,7 freq_cpu3_khz=3600000 thp=madvise argv=[--security-opt label=disable -v /home/beimfedora/Documents/Motif+BO/scripts:/probe:ro -v /home/beimfedora/Documents/Motif+BO/results:/results:ro -v /home/beimfedora/Documents/Motif+BO/results/fleet:/work localhost/motifbo-env:phase1 python3 /probe/phasep/measure_phase.py /work/_kernels/fleet_FLAT_FM_W2_56_fm_sum_r2 /work/fleet_FLAT_FM_W2_56_fm_sum_r2 all --target-ms 65.0]
2026-07-27T09:21:26Z RUN-END rc=0 no_turbo=1 gov_cpu3=performance cpu7_online=1 isolated=3,7 freq_cpu3_khz=3600000 thp=madvise
2026-07-27T09:46:02Z RUN-START PASS no_turbo=1 gov_cpu3=performance cpu7_online=1 isolated=3,7 freq_cpu3_khz=3600000 thp=madvise argv=[--security-opt label=disable -v /home/beimfedora/Documents/Motif+BO/scripts:/probe:ro -v /home/beimfedora/Documents/Motif+BO/results:/results:ro -v /home/beimfedora/Documents/Motif+BO/results/fleet:/work localhost/motifbo-env:phase1 python3 /probe/phasep/measure_phase.py /work/_kernels/fleet_FLAT_FM_W2_56_fm_sum_r3 /work/fleet_FLAT_FM_W2_56_fm_sum_r3 all --target-ms 65.0]
2026-07-27T10:13:42Z RUN-END rc=0 no_turbo=1 gov_cpu3=performance cpu7_online=1 isolated=3,7 freq_cpu3_khz=3600000 thp=madvise
2026-07-27T10:38:16Z RUN-START PASS no_turbo=1 gov_cpu3=performance cpu7_online=1 isolated=3,7 freq_cpu3_khz=3600000 thp=madvise argv=[--security-opt label=disable -v /home/beimfedora/Documents/Motif+BO/scripts:/probe:ro -v /home/beimfedora/Documents/Motif+BO/results:/results:ro -v /home/beimfedora/Documents/Motif+BO/results/fleet:/work localhost/motifbo-env:phase1 python3 /probe/phasep/measure_phase.py /work/_kernels/fleet_FLAT_FM_W2_56_fm_sum_r4 /work/fleet_FLAT_FM_W2_56_fm_sum_r4 all --target-ms 65.0]
2026-07-27T11:06:01Z RUN-END rc=0 no_turbo=1 gov_cpu3=performance cpu7_online=1 isolated=3,7 freq_cpu3_khz=3600000 thp=madvise
2026-07-27T11:30:36Z RUN-START PASS no_turbo=1 gov_cpu3=performance cpu7_online=1 isolated=3,7 freq_cpu3_khz=3600000 thp=madvise argv=[--security-opt label=disable -v /home/beimfedora/Documents/Motif+BO/scripts:/probe:ro -v /home/beimfedora/Documents/Motif+BO/results:/results:ro -v /home/beimfedora/Documents/Motif+BO/results/fleet:/work localhost/motifbo-env:phase1 python3 /probe/phasep/measure_phase.py /work/_kernels/fleet_FLAT_FM_W2_56_fm_sum_r7 /work/fleet_FLAT_FM_W2_56_fm_sum_r7 all --target-ms 65.0]
2026-07-27T11:56:20Z RUN-END rc=0 no_turbo=1 gov_cpu3=performance cpu7_online=1 isolated=3,7 freq_cpu3_khz=3600000 thp=madvise
2026-07-27T12:20:55Z RUN-START PASS no_turbo=1 gov_cpu3=performance cpu7_online=1 isolated=3,7 freq_cpu3_khz=3600000 thp=madvise argv=[--security-opt label=disable -v /home/beimfedora/Documents/Motif+BO/scripts:/probe:ro -v /home/beimfedora/Documents/Motif+BO/results:/results:ro -v /home/beimfedora/Documents/Motif+BO/results/fleet:/work localhost/motifbo-env:phase1 python3 /probe/phasep/measure_phase.py /work/_kernels/fleet_FLAT_FM_W2_56_fm_sum_r8 /work/fleet_FLAT_FM_W2_56_fm_sum_r8 all --target-ms 65.0]
2026-07-27T12:47:29Z RUN-END rc=0 no_turbo=1 gov_cpu3=performance cpu7_online=1 isolated=3,7 freq_cpu3_khz=3600000 thp=madvise
2026-07-27T13:12:03Z RUN-START PASS no_turbo=1 gov_cpu3=performance cpu7_online=1 isolated=3,7 freq_cpu3_khz=3600000 thp=madvise argv=[--security-opt label=disable -v /home/beimfedora/Documents/Motif+BO/scripts:/probe:ro -v /home/beimfedora/Documents/Motif+BO/results:/results:ro -v /home/beimfedora/Documents/Motif+BO/results/fleet:/work localhost/motifbo-env:phase1 python3 /probe/phasep/measure_phase.py /work/_kernels/fleet_FLAT_FM_W2_57_fm_dot /work/fleet_FLAT_FM_W2_57_fm_dot all --target-ms 65.0]
2026-07-27T13:47:56Z RUN-END rc=0 no_turbo=1 gov_cpu3=performance cpu7_online=1 isolated=3,7 freq_cpu3_khz=3600000 thp=madvise
2026-07-27T14:12:30Z RUN-START PASS no_turbo=1 gov_cpu3=performance cpu7_online=1 isolated=3,7 freq_cpu3_khz=3600000 thp=madvise argv=[--security-opt label=disable -v /home/beimfedora/Documents/Motif+BO/scripts:/probe:ro -v /home/beimfedora/Documents/Motif+BO/results:/results:ro -v /home/beimfedora/Documents/Motif+BO/results/fleet:/work localhost/motifbo-env:phase1 python3 /probe/phasep/measure_phase.py /work/_kernels/fleet_FLAT_FM_W2_58_fm_sumsq_r1 /work/fleet_FLAT_FM_W2_58_fm_sumsq_r1 all --target-ms 65.0]
2026-07-27T14:44:34Z RUN-END rc=0 no_turbo=1 gov_cpu3=performance cpu7_online=1 isolated=3,7 freq_cpu3_khz=3600000 thp=madvise
2026-07-27T15:09:07Z RUN-START PASS no_turbo=1 gov_cpu3=performance cpu7_online=1 isolated=3,7 freq_cpu3_khz=3600000 thp=madvise argv=[--security-opt label=disable -v /home/beimfedora/Documents/Motif+BO/scripts:/probe:ro -v /home/beimfedora/Documents/Motif+BO/results:/results:ro -v /home/beimfedora/Documents/Motif+BO/results/fleet:/work localhost/motifbo-env:phase1 python3 /probe/phasep/measure_phase.py /work/_kernels/fleet_FLAT_FM_W2_59_fm_sum_r1 /work/fleet_FLAT_FM_W2_59_fm_sum_r1 all --target-ms 65.0]
2026-07-27T15:37:45Z RUN-END rc=0 no_turbo=1 gov_cpu3=performance cpu7_online=1 isolated=3,7 freq_cpu3_khz=3600000 thp=madvise
2026-07-27T16:02:19Z RUN-START PASS no_turbo=1 gov_cpu3=performance cpu7_online=1 isolated=3,7 freq_cpu3_khz=3600000 thp=madvise argv=[--security-opt label=disable -v /home/beimfedora/Documents/Motif+BO/scripts:/probe:ro -v /home/beimfedora/Documents/Motif+BO/results:/results:ro -v /home/beimfedora/Documents/Motif+BO/results/fleet:/work localhost/motifbo-env:phase1 python3 /probe/phasep/measure_phase.py /work/_kernels/fleet_FLAT_FM_W2_61_fm_sumsq /work/fleet_FLAT_FM_W2_61_fm_sumsq all --target-ms 65.0]
2026-07-27T16:31:32Z RUN-END rc=0 no_turbo=1 gov_cpu3=performance cpu7_online=1 isolated=3,7 freq_cpu3_khz=3600000 thp=madvise
2026-07-27T16:56:05Z RUN-START PASS no_turbo=1 gov_cpu3=performance cpu7_online=1 isolated=3,7 freq_cpu3_khz=3600000 thp=madvise argv=[--security-opt label=disable -v /home/beimfedora/Documents/Motif+BO/scripts:/probe:ro -v /home/beimfedora/Documents/Motif+BO/results:/results:ro -v /home/beimfedora/Documents/Motif+BO/results/fleet:/work localhost/motifbo-env:phase1 python3 /probe/phasep/measure_phase.py /work/_kernels/fleet_FLAT_FM_W2_61_fm_sumsq_r1 /work/fleet_FLAT_FM_W2_61_fm_sumsq_r1 all --target-ms 65.0]
2026-07-27T17:26:31Z RUN-END rc=0 no_turbo=1 gov_cpu3=performance cpu7_online=1 isolated=3,7 freq_cpu3_khz=3600000 thp=madvise
2026-07-27T17:29:30Z VERIFY-ONLY PASS no_turbo=1 gov_cpu3=performance cpu7_online=1 isolated=3,7 freq_cpu3_khz=3600000 thp=madvise
2026-07-27T18:31:56Z VERIFY-ONLY PASS no_turbo=1 gov_cpu3=performance cpu7_online=1 isolated=3,7 freq_cpu3_khz=3600000 thp=madvise
2026-07-27T18:32:13Z VERIFY-ONLY PASS no_turbo=1 gov_cpu3=performance cpu7_online=1 isolated=3,7 freq_cpu3_khz=3600000 thp=madvise
2026-07-27T19:05:00Z VERIFY-ONLY PASS no_turbo=1 gov_cpu3=performance cpu7_online=1 isolated=3,7 freq_cpu3_khz=3600000 thp=madvise
2026-07-27T19:05:10Z VERIFY-ONLY PASS no_turbo=1 gov_cpu3=performance cpu7_online=1 isolated=3,7 freq_cpu3_khz=3600000 thp=madvise
2026-07-27T19:32:58Z RUN-START PASS no_turbo=1 gov_cpu3=performance cpu7_online=1 isolated=3,7 freq_cpu3_khz=3600000 thp=madvise argv=[--security-opt label=disable -v /home/beimfedora/Documents/Motif+BO/scripts:/probe:ro -v /home/beimfedora/Documents/Motif+BO/results:/results:ro -v /home/beimfedora/Documents/Motif+BO/results/fleet:/work localhost/motifbo-env:phase1 python3 /probe/phasep/measure_phase.py /work/_kernels/fleet_INT_H_200_int_horner32 /work/fleet_INT_H_200_int_horner32 all --target-ms 65.0]
2026-07-27T19:51:42Z RUN-END rc=0 no_turbo=1 gov_cpu3=performance cpu7_online=1 isolated=3,7 freq_cpu3_khz=3600000 thp=madvise
2026-07-27T20:02:03Z VERIFY-ONLY PASS no_turbo=1 gov_cpu3=performance cpu7_online=1 isolated=3,7 freq_cpu3_khz=3600000 thp=madvise
2026-07-27T20:02:15Z VERIFY-ONLY PASS no_turbo=1 gov_cpu3=performance cpu7_online=1 isolated=3,7 freq_cpu3_khz=3600000 thp=madvise
2026-07-27T20:26:14Z RUN-START PASS no_turbo=1 gov_cpu3=performance cpu7_online=1 isolated=3,7 freq_cpu3_khz=3600000 thp=madvise argv=[--security-opt label=disable -v /home/beimfedora/Documents/Motif+BO/scripts:/probe:ro -v /home/beimfedora/Documents/Motif+BO/results:/results:ro -v /home/beimfedora/Documents/Motif+BO/results/fleet:/work localhost/motifbo-env:phase1 python3 /probe/phasep/measure_phase.py /work/_kernels/fleet_FLAT_FM_H_200_fm_sumsq /work/fleet_FLAT_FM_H_200_fm_sumsq all --target-ms 65.0]
2026-07-27T20:52:29Z RUN-END rc=0 no_turbo=1 gov_cpu3=performance cpu7_online=1 isolated=3,7 freq_cpu3_khz=3600000 thp=madvise
2026-07-27T21:17:01Z RUN-START PASS no_turbo=1 gov_cpu3=performance cpu7_online=1 isolated=3,7 freq_cpu3_khz=3600000 thp=madvise argv=[--security-opt label=disable -v /home/beimfedora/Documents/Motif+BO/scripts:/probe:ro -v /home/beimfedora/Documents/Motif+BO/results:/results:ro -v /home/beimfedora/Documents/Motif+BO/results/fleet:/work localhost/motifbo-env:phase1 python3 /probe/phasep/measure_phase.py /work/_kernels/fleet_FLAT_FM_H_200_fm_sumsq_r1 /work/fleet_FLAT_FM_H_200_fm_sumsq_r1 all --target-ms 65.0]
2026-07-27T21:44:11Z RUN-END rc=0 no_turbo=1 gov_cpu3=performance cpu7_online=1 isolated=3,7 freq_cpu3_khz=3600000 thp=madvise
2026-07-27T22:08:44Z RUN-START PASS no_turbo=1 gov_cpu3=performance cpu7_online=1 isolated=3,7 freq_cpu3_khz=3600000 thp=madvise argv=[--security-opt label=disable -v /home/beimfedora/Documents/Motif+BO/scripts:/probe:ro -v /home/beimfedora/Documents/Motif+BO/results:/results:ro -v /home/beimfedora/Documents/Motif+BO/results/fleet:/work localhost/motifbo-env:phase1 python3 /probe/phasep/measure_phase.py /work/_kernels/fleet_FLAT_FM_H_200_fm_sumsq_r2 /work/fleet_FLAT_FM_H_200_fm_sumsq_r2 all --target-ms 65.0]
2026-07-27T22:38:30Z RUN-END rc=0 no_turbo=1 gov_cpu3=performance cpu7_online=1 isolated=3,7 freq_cpu3_khz=3600000 thp=madvise
2026-07-27T23:03:02Z RUN-START PASS no_turbo=1 gov_cpu3=performance cpu7_online=1 isolated=3,7 freq_cpu3_khz=3600000 thp=madvise argv=[--security-opt label=disable -v /home/beimfedora/Documents/Motif+BO/scripts:/probe:ro -v /home/beimfedora/Documents/Motif+BO/results:/results:ro -v /home/beimfedora/Documents/Motif+BO/results/fleet:/work localhost/motifbo-env:phase1 python3 /probe/phasep/measure_phase.py /work/_kernels/fleet_FLAT_FM_H_200_fm_sumsq_r3 /work/fleet_FLAT_FM_H_200_fm_sumsq_r3 all --target-ms 65.0]
2026-07-27T23:29:18Z RUN-END rc=0 no_turbo=1 gov_cpu3=performance cpu7_online=1 isolated=3,7 freq_cpu3_khz=3600000 thp=madvise
2026-07-27T23:53:51Z RUN-START PASS no_turbo=1 gov_cpu3=performance cpu7_online=1 isolated=3,7 freq_cpu3_khz=3600000 thp=madvise argv=[--security-opt label=disable -v /home/beimfedora/Documents/Motif+BO/scripts:/probe:ro -v /home/beimfedora/Documents/Motif+BO/results:/results:ro -v /home/beimfedora/Documents/Motif+BO/results/fleet:/work localhost/motifbo-env:phase1 python3 /probe/phasep/measure_phase.py /work/_kernels/fleet_FLAT_FM_H_200_fm_sumsq_r4 /work/fleet_FLAT_FM_H_200_fm_sumsq_r4 all --target-ms 65.0]
2026-07-28T00:20:56Z RUN-END rc=0 no_turbo=1 gov_cpu3=performance cpu7_online=1 isolated=3,7 freq_cpu3_khz=3600000 thp=madvise
2026-07-28T00:45:28Z RUN-START PASS no_turbo=1 gov_cpu3=performance cpu7_online=1 isolated=3,7 freq_cpu3_khz=3600000 thp=madvise argv=[--security-opt label=disable -v /home/beimfedora/Documents/Motif+BO/scripts:/probe:ro -v /home/beimfedora/Documents/Motif+BO/results:/results:ro -v /home/beimfedora/Documents/Motif+BO/results/fleet:/work localhost/motifbo-env:phase1 python3 /probe/phasep/measure_phase.py /work/_kernels/fleet_FLAT_FM_H_200_fm_sumsq_r5 /work/fleet_FLAT_FM_H_200_fm_sumsq_r5 all --target-ms 65.0]
2026-07-28T01:15:15Z RUN-END rc=0 no_turbo=1 gov_cpu3=performance cpu7_online=1 isolated=3,7 freq_cpu3_khz=3600000 thp=madvise
2026-07-28T01:39:48Z RUN-START PASS no_turbo=1 gov_cpu3=performance cpu7_online=1 isolated=3,7 freq_cpu3_khz=3600000 thp=madvise argv=[--security-opt label=disable -v /home/beimfedora/Documents/Motif+BO/scripts:/probe:ro -v /home/beimfedora/Documents/Motif+BO/results:/results:ro -v /home/beimfedora/Documents/Motif+BO/results/fleet:/work localhost/motifbo-env:phase1 python3 /probe/phasep/measure_phase.py /work/_kernels/fleet_FLAT_FM_H_200_fm_sumsq_r6 /work/fleet_FLAT_FM_H_200_fm_sumsq_r6 all --target-ms 65.0]
2026-07-28T02:07:56Z RUN-END rc=0 no_turbo=1 gov_cpu3=performance cpu7_online=1 isolated=3,7 freq_cpu3_khz=3600000 thp=madvise
2026-07-28T02:32:30Z RUN-START PASS no_turbo=1 gov_cpu3=performance cpu7_online=1 isolated=3,7 freq_cpu3_khz=3600000 thp=madvise argv=[--security-opt label=disable -v /home/beimfedora/Documents/Motif+BO/scripts:/probe:ro -v /home/beimfedora/Documents/Motif+BO/results:/results:ro -v /home/beimfedora/Documents/Motif+BO/results/fleet:/work localhost/motifbo-env:phase1 python3 /probe/phasep/measure_phase.py /work/_kernels/fleet_FLAT_FM_H_200_fm_sumsq_r7 /work/fleet_FLAT_FM_H_200_fm_sumsq_r7 all --target-ms 65.0]
2026-07-28T03:00:57Z RUN-END rc=0 no_turbo=1 gov_cpu3=performance cpu7_online=1 isolated=3,7 freq_cpu3_khz=3600000 thp=madvise
2026-07-28T03:25:31Z RUN-START PASS no_turbo=1 gov_cpu3=performance cpu7_online=1 isolated=3,7 freq_cpu3_khz=3600000 thp=madvise argv=[--security-opt label=disable -v /home/beimfedora/Documents/Motif+BO/scripts:/probe:ro -v /home/beimfedora/Documents/Motif+BO/results:/results:ro -v /home/beimfedora/Documents/Motif+BO/results/fleet:/work localhost/motifbo-env:phase1 python3 /probe/phasep/measure_phase.py /work/_kernels/fleet_FLAT_FM_H_200_fm_sumsq_r8 /work/fleet_FLAT_FM_H_200_fm_sumsq_r8 all --target-ms 65.0]
2026-07-28T03:56:12Z RUN-END rc=0 no_turbo=1 gov_cpu3=performance cpu7_online=1 isolated=3,7 freq_cpu3_khz=3600000 thp=madvise
2026-07-28T04:20:25Z RUN-START PASS no_turbo=1 gov_cpu3=performance cpu7_online=1 isolated=3,7 freq_cpu3_khz=3600000 thp=madvise argv=[--security-opt label=disable -v /home/beimfedora/Documents/Motif+BO/scripts:/probe:ro -v /home/beimfedora/Documents/Motif+BO/results:/results:ro -v /home/beimfedora/Documents/Motif+BO/results/fleet:/work localhost/motifbo-env:phase1 python3 /probe/phasep/measure_phase.py /work/_kernels/fleet_MID_W2_200_mid_gatherpoly_r2 /work/fleet_MID_W2_200_mid_gatherpoly_r2 all --target-ms 65.0]
2026-07-28T04:54:45Z RUN-END rc=0 no_turbo=1 gov_cpu3=performance cpu7_online=1 isolated=3,7 freq_cpu3_khz=3600000 thp=madvise
2026-07-28T05:19:20Z RUN-START PASS no_turbo=1 gov_cpu3=performance cpu7_online=1 isolated=3,7 freq_cpu3_khz=3600000 thp=madvise argv=[--security-opt label=disable -v /home/beimfedora/Documents/Motif+BO/scripts:/probe:ro -v /home/beimfedora/Documents/Motif+BO/results:/results:ro -v /home/beimfedora/Documents/Motif+BO/results/fleet:/work localhost/motifbo-env:phase1 python3 /probe/phasep/measure_phase.py /work/_kernels/fleet_LEVER_SEP_W2_200_lev_modconst /work/fleet_LEVER_SEP_W2_200_lev_modconst all --target-ms 65.0]
2026-07-28T05:39:25Z RUN-END rc=0 no_turbo=1 gov_cpu3=performance cpu7_online=1 isolated=3,7 freq_cpu3_khz=3600000 thp=madvise
2026-07-28T06:04:12Z RUN-START PASS no_turbo=1 gov_cpu3=performance cpu7_online=1 isolated=3,7 freq_cpu3_khz=3600000 thp=madvise argv=[--security-opt label=disable -v /home/beimfedora/Documents/Motif+BO/scripts:/probe:ro -v /home/beimfedora/Documents/Motif+BO/results:/results:ro -v /home/beimfedora/Documents/Motif+BO/results/fleet:/work localhost/motifbo-env:phase1 python3 /probe/phasep/measure_phase.py /work/_kernels/fleet_LEVER_SEP_W2_200_lev_modconst_r1 /work/fleet_LEVER_SEP_W2_200_lev_modconst_r1 all --target-ms 65.0]
2026-07-28T06:25:27Z RUN-END rc=0 no_turbo=1 gov_cpu3=performance cpu7_online=1 isolated=3,7 freq_cpu3_khz=3600000 thp=madvise
2026-07-28T06:50:30Z RUN-START PASS no_turbo=1 gov_cpu3=performance cpu7_online=1 isolated=3,7 freq_cpu3_khz=3600000 thp=madvise argv=[--security-opt label=disable -v /home/beimfedora/Documents/Motif+BO/scripts:/probe:ro -v /home/beimfedora/Documents/Motif+BO/results:/results:ro -v /home/beimfedora/Documents/Motif+BO/results/fleet:/work localhost/motifbo-env:phase1 python3 /probe/phasep/measure_phase.py /work/_kernels/fleet_LEVER_SEP_W2_200_lev_modconst_r3 /work/fleet_LEVER_SEP_W2_200_lev_modconst_r3 all --target-ms 65.0]
2026-07-28T07:18:24Z RUN-END rc=0 no_turbo=1 gov_cpu3=performance cpu7_online=1 isolated=3,7 freq_cpu3_khz=3600000 thp=madvise
2026-07-28T07:43:01Z RUN-START PASS no_turbo=1 gov_cpu3=performance cpu7_online=1 isolated=3,7 freq_cpu3_khz=3600000 thp=madvise argv=[--security-opt label=disable -v /home/beimfedora/Documents/Motif+BO/scripts:/probe:ro -v /home/beimfedora/Documents/Motif+BO/results:/results:ro -v /home/beimfedora/Documents/Motif+BO/results/fleet:/work localhost/motifbo-env:phase1 python3 /probe/phasep/measure_phase.py /work/_kernels/fleet_INT_H_201_int_horner64 /work/fleet_INT_H_201_int_horner64 all --target-ms 65.0]
2026-07-28T08:07:33Z RUN-END rc=0 no_turbo=1 gov_cpu3=performance cpu7_online=1 isolated=3,7 freq_cpu3_khz=3600000 thp=madvise
2026-07-28T08:32:05Z RUN-START PASS no_turbo=1 gov_cpu3=performance cpu7_online=1 isolated=3,7 freq_cpu3_khz=3600000 thp=madvise argv=[--security-opt label=disable -v /home/beimfedora/Documents/Motif+BO/scripts:/probe:ro -v /home/beimfedora/Documents/Motif+BO/results:/results:ro -v /home/beimfedora/Documents/Motif+BO/results/fleet:/work localhost/motifbo-env:phase1 python3 /probe/phasep/measure_phase.py /work/_kernels/fleet_FLAT_FM_H_201_fm_sum /work/fleet_FLAT_FM_H_201_fm_sum all --target-ms 65.0]
2026-07-28T09:03:25Z RUN-END rc=0 no_turbo=1 gov_cpu3=performance cpu7_online=1 isolated=3,7 freq_cpu3_khz=3600000 thp=madvise
2026-07-28T09:27:57Z RUN-START PASS no_turbo=1 gov_cpu3=performance cpu7_online=1 isolated=3,7 freq_cpu3_khz=3600000 thp=madvise argv=[--security-opt label=disable -v /home/beimfedora/Documents/Motif+BO/scripts:/probe:ro -v /home/beimfedora/Documents/Motif+BO/results:/results:ro -v /home/beimfedora/Documents/Motif+BO/results/fleet:/work localhost/motifbo-env:phase1 python3 /probe/phasep/measure_phase.py /work/_kernels/fleet_FLAT_FM_H_201_fm_sum_r1 /work/fleet_FLAT_FM_H_201_fm_sum_r1 all --target-ms 65.0]
2026-07-28T10:03:34Z RUN-END rc=0 no_turbo=1 gov_cpu3=performance cpu7_online=1 isolated=3,7 freq_cpu3_khz=3600000 thp=madvise
2026-07-28T10:28:07Z RUN-START PASS no_turbo=1 gov_cpu3=performance cpu7_online=1 isolated=3,7 freq_cpu3_khz=3600000 thp=madvise argv=[--security-opt label=disable -v /home/beimfedora/Documents/Motif+BO/scripts:/probe:ro -v /home/beimfedora/Documents/Motif+BO/results:/results:ro -v /home/beimfedora/Documents/Motif+BO/results/fleet:/work localhost/motifbo-env:phase1 python3 /probe/phasep/measure_phase.py /work/_kernels/fleet_FLAT_FM_H_201_fm_sum_r2 /work/fleet_FLAT_FM_H_201_fm_sum_r2 all --target-ms 65.0]
2026-07-28T11:10:53Z RUN-END rc=0 no_turbo=1 gov_cpu3=performance cpu7_online=1 isolated=3,7 freq_cpu3_khz=3600000 thp=madvise
2026-07-28T11:35:32Z RUN-START PASS no_turbo=1 gov_cpu3=performance cpu7_online=1 isolated=3,7 freq_cpu3_khz=3600000 thp=madvise argv=[--security-opt label=disable -v /home/beimfedora/Documents/Motif+BO/scripts:/probe:ro -v /home/beimfedora/Documents/Motif+BO/results:/results:ro -v /home/beimfedora/Documents/Motif+BO/results/fleet:/work localhost/motifbo-env:phase1 python3 /probe/phasep/measure_phase.py /work/_kernels/fleet_MID_W2_201_mid_hist_r1 /work/fleet_MID_W2_201_mid_hist_r1 all --target-ms 65.0]
2026-07-28T12:14:40Z RUN-END rc=0 no_turbo=1 gov_cpu3=performance cpu7_online=1 isolated=3,7 freq_cpu3_khz=3600000 thp=madvise
2026-07-28T12:15:30Z VERIFY-ONLY PASS no_turbo=1 gov_cpu3=performance cpu7_online=1 isolated=3,7 freq_cpu3_khz=3600000 thp=madvise
2026-07-28T12:15:30Z VERIFY-ONLY PASS no_turbo=1 gov_cpu3=performance cpu7_online=1 isolated=3,7 freq_cpu3_khz=3600000 thp=madvise
2026-07-28T12:40:09Z RUN-START PASS no_turbo=1 gov_cpu3=performance cpu7_online=1 isolated=3,7 freq_cpu3_khz=3600000 thp=madvise argv=[--security-opt label=disable -v /home/beimfedora/Documents/Motif+BO/scripts:/probe:ro -v /home/beimfedora/Documents/Motif+BO/results:/results:ro -v /home/beimfedora/Documents/Motif+BO/results/fleet:/work localhost/motifbo-env:phase1 python3 /probe/phasep/measure_phase.py /work/_kernels/fleet_MID_W2_201_mid_hist_r4 /work/fleet_MID_W2_201_mid_hist_r4 all --target-ms 65.0]
2026-07-28T13:18:05Z RUN-END rc=0 no_turbo=1 gov_cpu3=performance cpu7_online=1 isolated=3,7 freq_cpu3_khz=3600000 thp=madvise
2026-07-28T13:43:13Z RUN-START PASS no_turbo=1 gov_cpu3=performance cpu7_online=1 isolated=3,7 freq_cpu3_khz=3600000 thp=madvise argv=[--security-opt label=disable -v /home/beimfedora/Documents/Motif+BO/scripts:/probe:ro -v /home/beimfedora/Documents/Motif+BO/results:/results:ro -v /home/beimfedora/Documents/Motif+BO/results/fleet:/work localhost/motifbo-env:phase1 python3 /probe/phasep/measure_phase.py /work/_kernels/fleet_LEVER_SEP_W2_201_lev_csr /work/fleet_LEVER_SEP_W2_201_lev_csr all --target-ms 65.0]
2026-07-28T14:17:26Z RUN-END rc=0 no_turbo=1 gov_cpu3=performance cpu7_online=1 isolated=3,7 freq_cpu3_khz=3600000 thp=madvise
2026-07-28T14:41:51Z RUN-START PASS no_turbo=1 gov_cpu3=performance cpu7_online=1 isolated=3,7 freq_cpu3_khz=3600000 thp=madvise argv=[--security-opt label=disable -v /home/beimfedora/Documents/Motif+BO/scripts:/probe:ro -v /home/beimfedora/Documents/Motif+BO/results:/results:ro -v /home/beimfedora/Documents/Motif+BO/results/fleet:/work localhost/motifbo-env:phase1 python3 /probe/phasep/measure_phase.py /work/_kernels/fleet_INT_H_202_int_revsum /work/fleet_INT_H_202_int_revsum all --target-ms 65.0]
2026-07-28T15:08:04Z RUN-END rc=0 no_turbo=1 gov_cpu3=performance cpu7_online=1 isolated=3,7 freq_cpu3_khz=3600000 thp=madvise
2026-07-28T15:32:42Z RUN-START PASS no_turbo=1 gov_cpu3=performance cpu7_online=1 isolated=3,7 freq_cpu3_khz=3600000 thp=madvise argv=[--security-opt label=disable -v /home/beimfedora/Documents/Motif+BO/scripts:/probe:ro -v /home/beimfedora/Documents/Motif+BO/results:/results:ro -v /home/beimfedora/Documents/Motif+BO/results/fleet:/work localhost/motifbo-env:phase1 python3 /probe/phasep/measure_phase.py /work/_kernels/fleet_MID_W2_202_mid_gatherpoly_r2 /work/fleet_MID_W2_202_mid_gatherpoly_r2 all --target-ms 65.0]
2026-07-28T15:57:16Z RUN-END rc=0 no_turbo=1 gov_cpu3=performance cpu7_online=1 isolated=3,7 freq_cpu3_khz=3600000 thp=madvise
2026-07-28T16:21:55Z RUN-START PASS no_turbo=1 gov_cpu3=performance cpu7_online=1 isolated=3,7 freq_cpu3_khz=3600000 thp=madvise argv=[--security-opt label=disable -v /home/beimfedora/Documents/Motif+BO/scripts:/probe:ro -v /home/beimfedora/Documents/Motif+BO/results:/results:ro -v /home/beimfedora/Documents/Motif+BO/results/fleet:/work localhost/motifbo-env:phase1 python3 /probe/phasep/measure_phase.py /work/_kernels/fleet_LEVER_SEP_W2_202_lev_modconst_r1 /work/fleet_LEVER_SEP_W2_202_lev_modconst_r1 all --target-ms 65.0]
2026-07-28T16:45:23Z RUN-END rc=0 no_turbo=1 gov_cpu3=performance cpu7_online=1 isolated=3,7 freq_cpu3_khz=3600000 thp=madvise
2026-07-28T17:10:30Z RUN-START PASS no_turbo=1 gov_cpu3=performance cpu7_online=1 isolated=3,7 freq_cpu3_khz=3600000 thp=madvise argv=[--security-opt label=disable -v /home/beimfedora/Documents/Motif+BO/scripts:/probe:ro -v /home/beimfedora/Documents/Motif+BO/results:/results:ro -v /home/beimfedora/Documents/Motif+BO/results/fleet:/work localhost/motifbo-env:phase1 python3 /probe/phasep/measure_phase.py /work/_kernels/fleet_LEVER_SEP_W2_202_lev_modconst_r3 /work/fleet_LEVER_SEP_W2_202_lev_modconst_r3 all --target-ms 65.0]
2026-07-28T17:39:20Z RUN-END rc=0 no_turbo=1 gov_cpu3=performance cpu7_online=1 isolated=3,7 freq_cpu3_khz=3600000 thp=madvise
2026-07-28T18:04:25Z RUN-START PASS no_turbo=1 gov_cpu3=performance cpu7_online=1 isolated=3,7 freq_cpu3_khz=3600000 thp=madvise argv=[--security-opt label=disable -v /home/beimfedora/Documents/Motif+BO/scripts:/probe:ro -v /home/beimfedora/Documents/Motif+BO/results:/results:ro -v /home/beimfedora/Documents/Motif+BO/results/fleet:/work localhost/motifbo-env:phase1 python3 /probe/phasep/measure_phase.py /work/_kernels/fleet_LEVER_SEP_W2_203_lev_csr_r1 /work/fleet_LEVER_SEP_W2_203_lev_csr_r1 all --target-ms 65.0]
2026-07-28T18:44:19Z RUN-END rc=0 no_turbo=1 gov_cpu3=performance cpu7_online=1 isolated=3,7 freq_cpu3_khz=3600000 thp=madvise
2026-07-28T21:27:26Z VERIFY-ONLY PASS no_turbo=1 gov_cpu3=performance cpu7_online=1 isolated=3,7 freq_cpu3_khz=3600000 thp=madvise
2026-07-28T21:27:26Z VERIFY-ONLY PASS no_turbo=1 gov_cpu3=performance cpu7_online=1 isolated=3,7 freq_cpu3_khz=3600000 thp=madvise
2026-07-28T23:23:36Z RUN-START PASS no_turbo=1 gov_cpu3=performance cpu7_online=1 isolated=3,7 freq_cpu3_khz=3600000 thp=madvise argv=[--security-opt label=disable -v /home/beimfedora/Documents/Motif+BO/scripts:/probe:ro -v /home/beimfedora/Documents/Motif+BO/results:/results:ro -v /home/beimfedora/Documents/Motif+BO/results/fleet:/work localhost/motifbo-env:phase1 python3 /probe/phasep/measure_phase.py /work/_kernels/fleet_R_01_csr /work/fleet_R_01_csr all --target-ms 65.0]
2026-07-29T01:39:05Z RUN-END rc=0 no_turbo=1 gov_cpu3=performance cpu7_online=1 isolated=3,7 freq_cpu3_khz=3600000 thp=madvise
2026-07-29T02:14:31Z RUN-START PASS no_turbo=1 gov_cpu3=performance cpu7_online=1 isolated=3,7 freq_cpu3_khz=3600000 thp=madvise argv=[--security-opt label=disable -v /home/beimfedora/Documents/Motif+BO/scripts:/probe:ro -v /home/beimfedora/Documents/Motif+BO/results:/results:ro -v /home/beimfedora/Documents/Motif+BO/results/fleet:/work localhost/motifbo-env:phase1 python3 /probe/phasep/measure_phase.py /work/_kernels/fleet_R_02_pava /work/fleet_R_02_pava all --target-ms 65.0]
2026-07-29T04:01:22Z RUN-END rc=0 no_turbo=1 gov_cpu3=performance cpu7_online=1 isolated=3,7 freq_cpu3_khz=3600000 thp=madvise
2026-07-29T04:34:25Z RUN-START PASS no_turbo=1 gov_cpu3=performance cpu7_online=1 isolated=3,7 freq_cpu3_khz=3600000 thp=madvise argv=[--security-opt label=disable -v /home/beimfedora/Documents/Motif+BO/scripts:/probe:ro -v /home/beimfedora/Documents/Motif+BO/results:/results:ro -v /home/beimfedora/Documents/Motif+BO/results/fleet:/work localhost/motifbo-env:phase1 python3 /probe/phasep/measure_phase.py /work/_kernels/fleet_R_03_lda /work/fleet_R_03_lda all --target-ms 65.0]
2026-07-29T06:17:22Z RUN-END rc=0 no_turbo=1 gov_cpu3=performance cpu7_online=1 isolated=3,7 freq_cpu3_khz=3600000 thp=madvise
2026-07-29T06:42:30Z RUN-START PASS no_turbo=1 gov_cpu3=performance cpu7_online=1 isolated=3,7 freq_cpu3_khz=3600000 thp=madvise argv=[--security-opt label=disable -v /home/beimfedora/Documents/Motif+BO/scripts:/probe:ro -v /home/beimfedora/Documents/Motif+BO/results:/results:ro -v /home/beimfedora/Documents/Motif+BO/results/fleet:/work localhost/motifbo-env:phase1 python3 /probe/phasep/measure_phase.py /work/_kernels/fleet_R_04_binning /work/fleet_R_04_binning all --target-ms 65.0]
2026-07-29T09:02:29Z RUN-END rc=0 no_turbo=1 gov_cpu3=performance cpu7_online=1 isolated=3,7 freq_cpu3_khz=3600000 thp=madvise
2026-07-29T09:52:44Z RUN-START PASS no_turbo=1 gov_cpu3=performance cpu7_online=1 isolated=3,7 freq_cpu3_khz=3600000 thp=madvise argv=[--security-opt label=disable -v /home/beimfedora/Documents/Motif+BO/scripts:/probe:ro -v /home/beimfedora/Documents/Motif+BO/results:/results:ro -v /home/beimfedora/Documents/Motif+BO/results/fleet:/work localhost/motifbo-env:phase1 python3 /probe/phasep/measure_phase.py /work/_kernels/fleet_R_05_ppoly /work/fleet_R_05_ppoly all --target-ms 65.0]
2026-07-29T10:50:53Z RUN-END rc=0 no_turbo=1 gov_cpu3=performance cpu7_online=1 isolated=3,7 freq_cpu3_khz=3600000 thp=madvise
2026-07-29T11:45:36Z RUN-START PASS no_turbo=1 gov_cpu3=performance cpu7_online=1 isolated=3,7 freq_cpu3_khz=3600000 thp=madvise argv=[--security-opt label=disable -v /home/beimfedora/Documents/Motif+BO/scripts:/probe:ro -v /home/beimfedora/Documents/Motif+BO/results:/results:ro -v /home/beimfedora/Documents/Motif+BO/results/fleet:/work localhost/motifbo-env:phase1 python3 /probe/phasep/measure_phase.py /work/_kernels/fleet_R_06_floyd /work/fleet_R_06_floyd all --target-ms 65.0]
2026-07-29T12:25:05Z RUN-END rc=0 no_turbo=1 gov_cpu3=performance cpu7_online=1 isolated=3,7 freq_cpu3_khz=3600000 thp=madvise
2026-07-29T13:33:58Z RUN-START PASS no_turbo=1 gov_cpu3=performance cpu7_online=1 isolated=3,7 freq_cpu3_khz=3600000 thp=madvise argv=[--security-opt label=disable -v /home/beimfedora/Documents/Motif+BO/scripts:/probe:ro -v /home/beimfedora/Documents/Motif+BO/results:/results:ro -v /home/beimfedora/Documents/Motif+BO/results/fleet:/work localhost/motifbo-env:phase1 python3 /probe/phasep/measure_phase.py /work/_kernels/fleet_R_07_cc /work/fleet_R_07_cc all --target-ms 65.0]
2026-07-29T14:59:11Z RUN-END rc=0 no_turbo=1 gov_cpu3=performance cpu7_online=1 isolated=3,7 freq_cpu3_khz=3600000 thp=madvise
2026-07-29T16:48:27Z RUN-START PASS no_turbo=1 gov_cpu3=performance cpu7_online=1 isolated=3,7 freq_cpu3_khz=3600000 thp=madvise argv=[--security-opt label=disable -v /home/beimfedora/Documents/Motif+BO/scripts:/probe:ro -v /home/beimfedora/Documents/Motif+BO/results:/results:ro -v /home/beimfedora/Documents/Motif+BO/results/fleet:/work localhost/motifbo-env:phase1 python3 /probe/phasep/measure_phase.py /work/_kernels/fleet_R_08_elkan /work/fleet_R_08_elkan all --target-ms 65.0]
2026-07-29T23:54:36Z RUN-END rc=0 no_turbo=1 gov_cpu3=performance cpu7_online=1 isolated=3,7 freq_cpu3_khz=3600000 thp=madvise
2026-07-30T00:52:52Z RUN-START PASS no_turbo=1 gov_cpu3=performance cpu7_online=1 isolated=3,7 freq_cpu3_khz=3600000 thp=madvise argv=[--security-opt label=disable -v /home/beimfedora/Documents/Motif+BO/scripts:/probe:ro -v /home/beimfedora/Documents/Motif+BO/results:/results:ro -v /home/beimfedora/Documents/Motif+BO/results/fleet:/work localhost/motifbo-env:phase1 python3 /probe/phasep/measure_phase.py /work/_kernels/fleet_R_09_predictor /work/fleet_R_09_predictor all --target-ms 65.0]
2026-07-30T03:04:49Z RUN-END rc=0 no_turbo=1 gov_cpu3=performance cpu7_online=1 isolated=3,7 freq_cpu3_khz=3600000 thp=madvise
2026-07-30T15:08:07Z VERIFY-ONLY PASS no_turbo=1 gov_cpu3=performance cpu7_online=1 isolated=3,7 freq_cpu3_khz=3600000 thp=madvise
2026-07-30T15:08:16Z VERIFY-ONLY PASS no_turbo=1 gov_cpu3=performance cpu7_online=1 isolated=3,7 freq_cpu3_khz=3600000 thp=madvise
2026-07-30T15:09:09Z VERIFY-ONLY PASS no_turbo=1 gov_cpu3=performance cpu7_online=1 isolated=3,7 freq_cpu3_khz=3600000 thp=madvise
2026-07-30T15:09:09Z VERIFY-ONLY PASS no_turbo=1 gov_cpu3=performance cpu7_online=1 isolated=3,7 freq_cpu3_khz=3600000 thp=madvise
2026-07-30T15:09:20Z VERIFY-ONLY PASS no_turbo=1 gov_cpu3=performance cpu7_online=1 isolated=3,7 freq_cpu3_khz=3600000 thp=madvise
2026-07-30T15:09:20Z VERIFY-ONLY PASS no_turbo=1 gov_cpu3=performance cpu7_online=1 isolated=3,7 freq_cpu3_khz=3600000 thp=madvise
2026-07-30T15:14:28Z VERIFY-ONLY PASS no_turbo=1 gov_cpu3=performance cpu7_online=1 isolated=3,7 freq_cpu3_khz=3600000 thp=madvise
2026-07-30T15:14:28Z VERIFY-ONLY PASS no_turbo=1 gov_cpu3=performance cpu7_online=1 isolated=3,7 freq_cpu3_khz=3600000 thp=madvise
2026-07-30T15:19:12Z VERIFY-ONLY PASS no_turbo=1 gov_cpu3=performance cpu7_online=1 isolated=3,7 freq_cpu3_khz=3600000 thp=madvise
2026-07-30T15:19:12Z VERIFY-ONLY PASS no_turbo=1 gov_cpu3=performance cpu7_online=1 isolated=3,7 freq_cpu3_khz=3600000 thp=madvise
2026-07-30T17:11:16Z VERIFY-ONLY PASS no_turbo=1 gov_cpu3=performance cpu7_online=1 isolated=3,7 freq_cpu3_khz=3600000 thp=madvise
2026-07-30T17:11:16Z VERIFY-ONLY PASS no_turbo=1 gov_cpu3=performance cpu7_online=1 isolated=3,7 freq_cpu3_khz=3600000 thp=madvise
2026-07-30T17:11:40Z VERIFY-ONLY PASS no_turbo=1 gov_cpu3=performance cpu7_online=1 isolated=3,7 freq_cpu3_khz=3600000 thp=madvise
2026-07-30T17:11:40Z VERIFY-ONLY PASS no_turbo=1 gov_cpu3=performance cpu7_online=1 isolated=3,7 freq_cpu3_khz=3600000 thp=madvise
2026-07-30T19:53:10Z VERIFY-ONLY PASS no_turbo=1 gov_cpu3=performance cpu7_online=1 isolated=3,7 freq_cpu3_khz=3600000 thp=madvise
2026-07-30T19:53:10Z VERIFY-ONLY PASS no_turbo=1 gov_cpu3=performance cpu7_online=1 isolated=3,7 freq_cpu3_khz=3600000 thp=madvise
